Code,Element designation_EN,IfcBuiltSystem.ObjectType
A,Site,
A01,"Site, ground lease",
A01.01,Site acquisition,
A01.01,Site acquisition,
A01.01,Site acquisition,
A01.02,Ground lease acquisition,
A01.02,Ground lease acquisition,
A01.02,Ground lease acquisition,
A01.03,Acquisition of buildings and civil engineering structures,
A01.03,Acquisition of buildings and civil engineering structures,
A01.03,Acquisition of buildings and civil engineering structures,
A01.04,Off-site infrastructure contributions,
A01.04,Off-site infrastructure contributions,
A01.04,Off-site infrastructure contributions,
A02,Incidental costs in connection with site/ground lease,
A02.01,"Property transfer tax, profit tax",
A02.01,"Property transfer tax, profit tax",
A02.02,Notarial costs,
A02.02,Notarial costs,
A02.03,Land registration costs,
A02.03,Land registration costs,
A02.04,"Solicitors' costs, court costs",
A02.04,"Solicitors' costs, court costs",
A02.05,Brokerage fees,
A02.05,Brokerage fees,
A02.06,"Compensation, easements",
A02.06,"Compensation, easements",
A02.07,"Site surveys, boundary marking",
A02.07,"Site surveys, boundary marking",
B,Enabling works,
B01,"Investigations, surveys, measurement",
B01.01,Ground investigations,
B01.01,Ground investigations,
B01.01,Ground investigations,
B01.02,Site surveys,
B01.02,Site surveys,
B01.02,Site surveys,
B01.03,Environmental measurements,
B01.03,Environmental measurements,
B01.03,Environmental measurements,
B01.04,Monitoring,
B01.04,Monitoring,
B01.04,Monitoring,
B02,Site establishment,
B02.01,"Site access, on-site areas",
B02.01,"Site access, on-site areas",
B02.01,"Site access, on-site areas",
B02.01,"Site access, on-site areas",
B02.02,"Utilities, disposal",
B02.02,"Utilities, disposal",
B02.02,Utilities,
B02.02,Disposal,
B02.02,"Utilities, disposal",
B02.03,"Working spaces, social spaces",
B02.03,"Working spaces, social spaces",
B02.03,Working spaces,
B02.03,Social spaces,
B02.03,"Working spaces, social spaces",
B02.04,Lifting/loading/transport/storage facilities,
B02.04,Lifting/loading/transport/storage facilities,
B02.04,Lifting facilities,
B02.04,Loading facilities,
B02.04,Transport facilities,
B02.04,Storage facilities,
B02.04,Lifting/loading/transport/storage facilities,
B02.05,Material processing facilities,
B02.05,Material processing facilities,
B02.05,Material processing facilities,
B02.05,Material processing facilities,
B02.06,Weather-related construction measures,
B02.06,Weather-related construction measures,
B02.06,Weather-related construction measures,
B02.06,Weather-related construction measures,
B02.07,"Site organization, security",
B02.07,"Site organization, security",
B02.07,"Site organization, security",
B02.07,"Site organization, security",
B02.08,Protective measures for surrounding area,
B02.08,Protective measures for surrounding area,
B02.08,Protective measures for surrounding area,
B02.08,Protective measures for surrounding area,
B03,Temporary works,
B03.01,Temporary restraint systems,
B03.01,Guard rails,
B03.01,Impact protection devices,
B03.02,Temporary utilities,
B03.02,Cable carrier fittings,
B03.02,Cable carrier segments,
B03.02,Pipe fittings,
B03.02,Pipe segments,
B03.02,Duct segments,
B03.02,Duct fittings,
B03.02,Road gullies,
B03.02,Inspection chambers,
B03.03,Temporary buildings,
B03.03,Buildings,
B03.04,Temporary transport facilities,
B03.04,Roads,
B03.04,Railways,
B03.04,Bridges,
B03.05,Temporary fit-out and furnishings,
B03.05,Temporary fit-out and furnishings,
B03.05,Temporary furniture,
B04,Utility services,
B04.01,Power cables,
B04.01,Cable carrier fittings,
B04.01,Cable carrier segments,
B04.01,Junction boxes,
B04.01,Cable fittings,
B04.01,Cable segments,
B04.02,Low-current cables,
B04.02,Cable carrier fittings,
B04.02,Cable carrier segments,
B04.02,Junction boxes,
B04.02,Cable fittings,
B04.02,Cable segments,
B04.03,District heating pipes,
B04.03,Pipe fittings,
B04.03,Pipe segments,
B04.03,Pumps,
B04.03,Strainers,
B04.03,Water filters,
B04.03,Valves,
B04.03,Flow meters,
B04.03,Flow instruments,
B04.03,Vibration dampers,
B04.04,District cooling pipes,
B04.04,Pipe fittings,
B04.04,Pipe segments,
B04.04,Pumps,
B04.04,Strainers,
B04.04,Water filters,
B04.04,Valves,
B04.04,Flow meters,
B04.04,Flow instruments,
B04.04,Vibration dampers,
B04.04,Pipe fittings,
B04.04,Pipe segments,
B04.04,Pumps,
B04.04,Strainers,
B04.04,Water filters,
B04.04,Valves,
B04.04,Flow meters,
B04.04,Flow instruments,
B04.04,Vibration dampers,
B04.05,Water pipes,
B04.05,Pipe fittings,
B04.05,Pipe segments,
B04.05,Pumps,
B04.05,Water filters,
B04.05,Odour filters,
B04.05,Valves,
B04.05,Flow meters,
B04.05,Flow instruments,
B04.05,Vibration dampers,
B04.06,Building wastewater drains/sewers,
B04.06,Pipe fittings,
B04.06,Pipe segments,
B04.06,Pumps,
B04.06,Water filters,
B04.06,Odour filters,
B04.06,Valves,
B04.06,Flow meters,
B04.06,Flow instruments,
B04.06,Vibration dampers,
B04.07,Rainwater drains/sewers,
B04.07,Pipe fittings,
B04.07,Pipe segments,
B04.07,Pumps,
B04.07,Water filters,
B04.07,Odour filters,
B04.07,Valves,
B04.07,Flow meters,
B04.07,Flow instruments,
B04.07,Vibration dampers,
B04.08,Gas pipes,
B04.08,Pipe fittings,
B04.08,Pipe segments,
B04.08,Pumps,
B04.08,Gas filters,
B04.08,Valves,
B04.08,Flow meters,
B04.08,Flow instruments,
B04.08,Vibration dampers,
B05,"Vegetation clearance, deconstruction",
B05.01,"Tree felling, vegetation clearance, transplantation",
B05.01,Geotechnical layers,CLEARING
B05.01,Generic model elements,CLEARING
B05.01,Plants,CLEARING
B05.02,Deconstruction of non-contaminated works,
B05.02,Generic model elements,CLEARING
B05.02,Spatial zones,CLEARING
B05.03,Deconstruction of contaminated works,
B05.03,Generic model elements,CLEARING
B05.03,Spatial zones,CLEARING
B06,Basement excavation,
B06.01,Non-contaminated spoil,
B06.01,Mass excavation,EXCAVATION
B06.02,Contaminated spoil,
B06.02,Contaminated spoil,EXCAVATION
B06.03,Slope stabilization,
B06.03,Stabilization with sprayed concrete,EXCAVATION
B06.03,Stabilization with prefabricated units,EXCAVATION
B06.03,Stabilization with prefabricated units,EXCAVATION
B06.04,Basement retaining structures,
B06.04,Soldier pile walls,EXCAVATION
B06.04,Sheet pile walls,EXCAVATION
B06.04,Diaphragm walls,EXCAVATION
B06.04,Soldier pile walls,EXCAVATION
B06.04,Sheet pile walls,EXCAVATION
B06.04,Diaphragm walls,EXCAVATION
B06.05,Material placement,
B06.05,Rough levelling,EXCAVATION
B06.06,Dewatering,
B06.06,Dewatering (budget item),
B07,"Ground improvement, support to structures",
B07.01,Ground improvement,
B07.01,Ground improvement,
B07.02,Piling,
B07.02,Piles,
B07.03,Underpinning,
B07.03,Walls,REINFORCEMENT
B07.03,Walls,REINFORCEMENT
B07.03,Foundations,REINFORCEMENT
B07.04,Shoring/protection to structures,
B07.04,Walls,REINFORCEMENT
B07.04,Suspended slabs,REINFORCEMENT
B08,Scaffolding,
B08.01,Facade scaffolding,SCAFFOLDING
B08.02,Working scaffolding,SCAFFOLDING
B08.03,Temporary roof,SCAFFOLDING
B08.04,Protective scaffolding,SCAFFOLDING
B09,Adaptations to adjoining construction works,
B09.01,Alterations to adjoining construction works,ADAPTION
B09.02,Underpinning and shoring/protection to adjoining construction works,ADAPTION
B09.03,Transport facilities beyond site boundary,ADAPTION
C,Building structure,
C01,"Foundations, ground slabs",
C01.01,Substructure below foundations/ground slabs,
C01.01,Foundation insulation,
C01.01,Foundation waterproofing,
C01.01,Hardcore beds,
C01.01,Blindings,
C01.02,Foundations,
C01.02,Pad footings,
C01.02,Strip footings,
C01.02,Caisson foundations,
C01.02,Footing beams,
C01.02,Pile caps,
C01.03,Ground slabs,
C01.03,Ground slabs,
C01.04,Stairs and ramps in contact with ground,
C01.04,Stairs,
C01.04,Stair flights,
C01.04,Ramps,
C01.04,Ramp flights,
C01.05,Landings in contact with ground,
C01.05,Landings,
C02,Structural walls,
C02.01,External walls,
C02.01,Solid walls,
C02.01,Shear walls,
C02.01,Parapets,
C02.01,Lintels,
C02.01,Solid walls,
C02.01,Shear walls,
C02.01,Parapets,
C02.01,Mullions,
C02.01,Plates,
C02.01,Studs,
C02.02,Internal walls,
C02.02,Solid walls,
C02.02,Shear walls,
C02.02,Parapets,
C02.02,Lintels,
C02.02,Solid walls,
C02.02,Shear walls,
C02.02,"Parapets (gallery, stair parapet)",
C02.02,Mullions,
C02.02,Plates,
C02.02,Studs,
C03,Structural columns,
C03.01,Perimeter columns,
C03.01,Columns,
C03.01,Pilasters,
C03.02,Inner columns,
C03.02,Columns,
C03.02,Pilasters,
C04,"Suspended structural slabs, roof structure",
C04.01,Suspended slabs,
C04.01,Suspended slabs,
C04.01,Joists,
C04.01,Beams,
C04.01,Members,
C04.01,Chords,
C04.01,Braces,
C04.01,Braces,
C04.02,Internal stairs and ramps,
C04.02,Stairs,
C04.02,Stair flights,
C04.02,Ramps,
C04.02,Ramp flights,
C04.02,Treads,
C04.02,Risers,
C04.02,"Carriages, stringers",
C04.03,Internal landings,
C04.03,Landings,
C04.04,Flat roof structure,
C04.04,Flat roofs,
C04.04,Flat roofs,
C04.04,Joists,
C04.04,Beams,
C04.04,Members,
C04.04,Chords,
C04.04,Braces,
C04.04,Braces,
C04.05,Pitched roof structure,
C04.05,Shed roofs,
C04.05,Gable roofs,
C04.05,Hip roofs,
C04.05,Hipped gable roofs,
C04.05,Gambrel roofs,
C04.05,Mansard roofs,
C04.05,Barrel roofs,
C04.05,Rainbow roofs,
C04.05,Butterfly roofs,
C04.05,Pavilion roofs,
C04.05,Dome roofs,
C04.05,Free-form roofs,
C04.05,Collars,
C04.05,Posts,
C04.05,Purlins,
C04.05,Rafters,
C04.06,External stairs and ramps,
C04.06,Stairs,
C04.06,Stair flights,
C04.06,Ramps,
C04.06,Ramp flights,
C04.06,Treads,
C04.06,Risers,
C04.06,"Carriages, stringers",
C04.07,External landings,
C04.07,Landings,
C04.08,"External structural part of works, canopies, roof overhangs",
C04.08,Canopies/roof overhangs,
C04.08,Balcony slabs,
C05,Builder's work in connection (for structure),
C05.01,Holes/chases formed in structure,
C05.01,Wall openings,
C05.01,Suspended slab openings,
C05.01,Cut-outs in wall,
C05.01,Cut-outs in suspended slab,
C05.01,Cut-outs in ground slab,
C05.01,Cut-outs in foundation,
C05.01,Wall chases,
C05.01,Suspended slab chases,
C05.01,Ground slab chases,
C05.01,Foundation chases,
C05.01,Core drillings,
C05.01,Provision for voids for services,
C05.02,"Machine bases, components incorporated for services",
C05.02,Pipe sleeves through wall,
C05.02,Pipe sleeves through suspended slab,
C05.02,Pipe sleeves through ground slab,
C05.02,Pipe sleeves through foundation,
C05.02,Machine bases,
C05.02,Movable equipment bases,
C05.02,Structural ducts,
D,Building services,
D01,Electrical installations,
D01.01,Power generation installations,
D01.01,Cable carrier fittings,
D01.01,Cable carrier segments,
D01.01,Junction boxes,
D01.01,Cable fittings,
D01.01,Cable segments,
D01.02,Power conversion,
D01.02,Transformers,
D01.02,Rectifiers,
D01.02,Inverters,
D01.02,Emergency generator sets,
D01.02,Electric generators,
D01.02,Photovoltaic systems,
D01.02,Electric motors,
D01.02,Motor connections,
D01.03,Power storage,
D01.03,UPS systems,
D01.03,Battery systems,
D01.03,Security lighting systems,
D01.04,Power wiring,
D01.04,Motor control centres,
D01.04,Control cabinets,
D01.04,Power distribution boards,
D01.04,Switchgear and controlgear assemblies (SCA),
D01.04,Consumer units,
D01.04,Cable carrier fittings,
D01.04,Cable carrier segments,
D01.04,Distribution boxes,
D01.04,Empty boxes,
D01.04,Cable fittings,
D01.04,Cable segments,
D01.04,Outlets,
D01.04,Contactors,
D01.04,Dimmer switches/controllers,
D01.04,Emergency stops,
D01.04,Keypads,
D01.04,Momentary switches,
D01.04,Selector switches,
D01.04,Starters,
D01.04,Switch disconnectors,
D01.04,Toggle switches,
D01.04,Circuit-breakers,
D01.04,Residual-current circuit-breakers,
D01.04,Earthing switches,
D01.04,Fuse disconnectors,
D01.04,Residual-current circuit-breakers,
D01.04,Residual-current circuit-breakers,
D01.04,Overvoltage circuit-breakers,
D01.05,Power-using equipment: luminaires,
D01.05,Point-source light fixtures,
D01.05,Linear light fixtures,
D01.05,Security light fixtures,
D01.05,Panel light fixtures,
D01.05,Light sources,
D01.06,Power-using equipment: electrical appliances,
D01.06,Washing machines,
D01.06,Electric heaters,
D01.06,Water heaters,
D01.06,Laundry driers,
D01.06,Aerials,
D01.06,Outdoor sensors,
D01.07,Low-current generation installations,
D01.07,Cable carrier fittings,
D01.07,Cable carrier segments,
D01.07,Junction boxes,
D01.07,Cable fittings,
D01.07,Cable segments,
D01.08,Low-current conversion,
D01.08,Transformers,
D01.08,Electric motors,
D01.08,Motor connections,
D01.09,Low-current storage,
D01.09,Battery systems,
D01.09,Security lighting systems,
D01.10,Low-current wiring,
D01.10,Control cabinets,
D01.10,Low-current distribution boards,
D01.10,Switchgear and controlgear assemblies (SCA),
D01.10,Distribution boards (radio network),
D01.10,Distribution boards (TV network),
D01.10,Cable carrier fittings,
D01.10,Cable carrier segments,
D01.10,Distribution boxes,
D01.10,Empty boxes,
D01.10,Cable fittings,
D01.10,Cable segments,
D01.10,Audiovisual outlets,
D01.10,Communication outlets (voice),
D01.10,Universal/multimedia outlets,
D01.10,Telephone outlets,
D01.10,Contactors,
D01.10,Dimmer switches/controllers,
D01.10,Emergency stops,
D01.10,Keypads,
D01.10,Momentary switches,
D01.10,Selector switches,
D01.10,Starters,
D01.10,Switch disconnectors,
D01.10,Toggle switches,
D01.10,Circuit-breakers,
D01.10,Residual-current circuit-breakers,
D01.10,Earthing switches,
D01.10,Fuse disconnectors,
D01.10,Residual-current circuit-breakers,
D01.10,Residual-current circuit-breakers,
D01.10,Overvoltage circuit-breakers,
D01.11,Low-current-using equipment,
D01.11,Low-current-using equipment,
D01.11,Clocks,
D01.11,Time-logging stations,
D01.11,Audio/video equipment,
D01.11,Amplifiers,
D01.11,Video cameras,
D01.11,Displays,
D01.11,Microphones,
D01.11,Playback equipment,
D01.11,Projectors,
D01.11,Receivers,
D01.11,Aerials,
D01.11,Loudspeakers/gongs,
D01.11,Telephone exchange systems,
D01.11,Telephones,
D01.11,Radios,
D01.11,WLAN access points,
D02,Building automation,
D02.01,Management level,
D02.01,Management level (budget item),
D02.02,Automation level,
D02.02,Automation level (budget item),
D02.03,Field level,
D02.03,Field level (budget item),
D02.03,Controllers,
D02.03,Unitary control elements,
D02.03,Actuators,
D02.03,Alarms,
D02.03,Flow instruments,
D02.03,Sensors,
D02.04,Room automation,
D02.04,Room automation (budget item),
D02.05,Automation network,
D02.05,Automation networks (budget item),
D02.06,Switchgear and controlgear assemblies,
D02.06,Switchgear and controlgear assemblies (budget item),
D02.06,Control cabinets,
D02.06,Switchgear and controlgear assemblies (SCA),
D02.07,System integration,
D02.07,System integration (budget item),
D03,Security systems,
D03.01,"Intruder alarm systems, hold-up alarm systems",
D03.01,Distribution boxes,
D03.01,Empty boxes,
D03.01,Intrusion sensors,
D03.01,Movement sensors,
D03.01,Robbery sensors,
D03.01,Loudspeakers,
D03.01,Sirens,
D03.01,Key switches,
D03.01,Activation devices,
D03.01,Junction boxes,
D03.02,Access control systems,
D03.02,Distribution boxes,
D03.02,Empty boxes,
D03.02,Doors with access control,ACCESCONTROL
D03.02,Badge readers,
D03.02,Badge switches (motor),
D03.02,Aerials,
D03.03,Video surveillance systems,
D03.03,Distribution boxes,
D03.03,Empty boxes,
D03.03,Video cameras,
D03.04,Lock systems,
D03.04,Doors with lock system,LOCKING
D03.04,Distribution boxes,
D03.04,Empty boxes,
D04,Active fire protection systems,
D04.01,Fire-alarm systems,
D04.01,Cable carrier fittings,
D04.01,Cable carrier segments,
D04.01,Cable fittings,
D04.01,Cable segments,
D04.01,Fire-alarm control panels,
D04.01,Distribution/branch boxes,
D04.01,Fire sensors,
D04.01,Smoke sensors,
D04.01,Gas sensors,
D04.01,Heat sensors,
D04.01,Electromagnetic door holders,
D04.01,Break-glass buttons,
D04.01,Aerials,
D04.01,Flashing lights,
D04.01,Sirens,
D04.01,Indicators,
D04.02,Gas-alarm systems,
D04.02,Cable carrier fittings,
D04.02,Cable carrier segments,
D04.02,Cable fittings,
D04.02,Cable segments,
D04.02,Fire-alarm control panels,
D04.02,Distribution/branch boxes,
D04.02,CO2 sensors,
D04.02,CO sensors,
D04.02,Gas sensors,
D04.02,Electromagnetic door holders,
D04.02,Break-glass buttons,
D04.02,Aerials,
D04.02,Flashing lights,
D04.02,Sirens,
D04.02,Indicators,
D04.03,Wet extinguishing systems,
D04.03,Pipe fittings,
D04.03,Pipe segments,
D04.03,Valves,
D04.03,Sprinkler heads,
D04.04,Dry extinguishing systems,
D04.04,Pipe fittings,
D04.04,Pipe segments,
D04.04,Valves,
D04.04,Sprinkler heads,
D04.04,Breeching inlets (dry extinguishing),
D04.04,Fire hydrants (dry extinguishing),
D04.05,"Hosereels, portable extinguishers",
D04.05,Hosereel installations,
D04.06,Smoke and heat control systems,
D04.06,Fans,
D04.06,Duct segments,
D04.06,Duct fittings,
D04.06,Dampers,
D04.06,Air terminals,
D04.07,Electroacoustic loudspeaker systems,
D04.07,Electroacoustic loudspeaker systems,
D04.07,Sirens,
D05,Heating installations,
D05.01,"Heat sources, heat sinks, fuel stores",
D05.01,Borehole heat exchangers,
D05.01,Oil tanks,
D05.01,Pipe fittings,
D05.01,Pipe segments,
D05.02,Heat generation,
D05.02,Boilers,
D05.02,Steam boilers,
D05.02,Burners,
D05.02,Air-to-air heat pumps,
D05.02,Air-to-water heat pumps,
D05.02,Heat exchangers,
D05.02,Heat exchangers,
D05.02,Degassing,
D05.02,Air separators,
D05.02,Pressure relief valves,
D05.03,Heat storage,
D05.03,Hot water storage tanks,
D05.03,Expansion vessels,
D05.03,Intermediate vessels,
D05.04,Heat distribution,
D05.04,Pipe fittings,
D05.04,Pipe segments,
D05.04,Heating manifolds,
D05.04,Pumps,
D05.04,Strainers,
D05.04,Water filters,
D05.04,Valves,
D05.04,Flow meters,
D05.04,Floor heating manifolds,
D05.04,Flow instruments,
D05.04,Vibration dampers,
D05.05,Heat emission,
D05.05,Convectors,
D05.05,Radiators,
D05.05,Air flow heaters,
D05.05,Floor heating systems,
D05.05,Ceiling heating systems,
D06,Refrigeration installations,
D06.01,"Cold sources, cold sinks, fuel stores",
D06.01,Borehole heat exchangers,
D06.01,Pipe fittings,
D06.01,Pipe segments,
D06.02,Cold production,
D06.02,Air-cooled chillers,
D06.02,Water-cooled chillers,
D06.02,Packaged chillers,
D06.02,Heat rejection devices,
D06.02,Air-source heat exchangers,
D06.02,Adiabatic heat exchangers,
D06.02,Water-source heat exchangers,
D06.02,Brazed-plate water-source heat exchangers,
D06.02,Tube-coil water-source heat exchangers,
D06.02,Shell-and-tube water-source heat exchangers,
D06.02,Tube-in-tube water-source heat exchangers,
D06.02,Degassing,
D06.02,Air separators,
D06.02,Pressure relief valves,
D06.03,Cold energy storage,
D06.03,Cold water storage tanks,
D06.03,Phase-change-material storage tanks,
D06.03,Expansion vessels,
D06.03,Intermediate vessels,
D06.04,Cold distribution,
D06.04,Pipe fittings,
D06.04,Pipe segments,
D06.04,Cold manifolds,
D06.04,Pumps,
D06.04,Strainers,
D06.04,Water filters,
D06.04,Valves,
D06.04,Flow meters,
D06.04,Flow instruments,
D06.04,Vibration dampers,
D06.05,Cold emission,
D06.05,Cooled beams,
D06.05,Floor cooling,
D06.05,Heated/chilled ceilings,
D06.05,Chilled ceilings,
D06.05,Fan-coil cooling units,
D06.05,Evaporative coolers,
D07,Ventilation and air-conditioning installations,
D07.01,Outside/exhaust air ductwork,
D07.01,Outside air intake,
D07.01,Outside air silencers,
D07.01,Outside air ducts,
D07.01,Outside air duct fittings,
D07.01,Exhaust air ducts,
D07.01,Exhaust air duct fittings,
D07.01,Exhaust air silencers,
D07.01,Exhaust air terminals,
D07.02,Air treatment,
D07.02,Packaged units,
D07.02,Fans,
D07.02,Heat recovery,
D07.02,Air heaters,
D07.02,Air coolers,
D07.03,Air heat storage,
D07.03,Air heat storage facilities,
D07.04,Air distribution,
D07.04,Duct segments,
D07.04,Duct fittings,
D07.04,Junctions,
D07.04,Control fittings,
D07.04,Air terminal boxes,
D07.04,Air particle filters,
D07.04,Odour filters,
D07.04,Compressed air particle filters,
D07.04,Dampers,
D07.04,Silencers,
D07.04,Vibration dampers,
D07.05,Air discharge,
D07.05,Air terminals,
D08,Water installations,
D08.01,Water supply,
D08.01,Pipe fittings,
D08.01,Pipe segments,
D08.02,Water treatment,
D08.02,Water filters,
D08.02,Pressure-reducing valves,
D08.02,Water softening systems,
D08.02,Pressure booster systems,
D08.02,Reverse osmosis systems,
D08.02,Solar collectors,
D08.03,Water storage,
D08.03,Drinking water storage tanks,
D08.03,Instantaneous water heaters,
D08.04,Water distribution,
D08.04,Pipe fittings,
D08.04,Pipe segments,
D08.04,Pumps,
D08.04,Water filters,
D08.04,Water meters,
D08.04,Pex manifolds,
D08.04,Flow instruments,
D08.04,Valves,
D08.04,Vibration dampers,
D08.05,"Water: control fittings, appliances",
D08.05,Baths,
D08.05,Bidets,
D08.05,Cisterns,
D08.05,Showers,
D08.05,Sinks,
D08.05,Sanitary fountains,
D08.05,WC suites,
D08.05,Urinals,
D08.05,Wash basins,
D08.05,WC seats,
D08.05,Draw-off cocks,
D08.06,Water: installation frames,
D08.06,Front-wall installations,
D09,Wastewater installations,
D09.01,Wastewater disposal,
D09.01,Pipe fittings,
D09.01,Pipe segments,
D09.01,Pipe fittings,
D09.01,Pipe segments,
D09.02,Wastewater treatment,
D09.02,Grease interceptors,
D09.02,Oil interceptors,
D09.02,Petrol interceptors,
D09.02,Cyclonic interceptors,
D09.02,Lift stations,
D09.02,Lift stations,
D09.02,Faecal wastewater lift stations,
D09.03,Wastewater storage,
D09.03,Rainwater tanks,
D09.03,Wastewater tanks,
D09.03,Faecal wastewater tanks,
D09.04,Wastewater collection,
D09.04,Pipe fittings,
D09.04,Pipe segments,
D09.04,Formwork protectors,
D09.04,Valves,
D09.04,Vibration dampers,
D09.04,Road gullies,
D09.04,Inspection chambers,
D09.04,Pipe fittings,
D09.04,Pipe segments,
D09.04,Formwork protectors,
D09.04,Valves,
D09.04,Vibration dampers,
D09.04,Road gullies,
D09.04,Inspection chambers,
D09.05,"Wastewater: control fittings, appliances",
D09.05,Floor traps,
D09.05,Floor wastes,
D09.05,Gully sumps,
D09.05,Gully traps,
D09.05,Roof drains,
D09.05,Waste disposal units,
D09.05,Waste traps,
D10,Gas installations,
D10.01,Gas supply,
D10.01,Pipe fittings,
D10.01,Pipe segments,
D10.02,Gas treatment,
D10.02,Pressure-reducing valves,
D10.02,Pressure booster systems,
D10.03,Gas storage,
D10.03,Gas storage tanks,
D10.04,Gas distribution,
D10.04,Pipe fittings,
D10.04,Pipe segments,
D10.04,Junctions,
D10.04,Gas meters,
D10.04,Oil meters,
D10.04,Gas cocks,
D10.04,Vibration dampers,
D10.05,"Gas: control fittings, appliances",
D10.05,Gas taps,
D11,Special utility installations,
D11.01,"Special utilities: supply, disposal",
D11.01,Compressed air main connection pipe fittings,
D11.01,Compressed air main connection pipe segments,
D11.01,Vacuum main connection pipe fittings,
D11.01,Vacuum main connection pipe segments,
D11.01,CO2 main connection pipe fittings,
D11.01,CO2 main connection pipe segments,
D11.01,Oxygen main connection pipe fittings,
D11.01,Oxygen main connection pipe segments,
D11.01,Anaesthetic gas main connection pipe fittings,
D11.01,Anaesthetic gas main connection pipe segments,
D11.02,Special utilities: treatment,
D11.02,Compressed air cocks,
D11.02,Compressed air pumps,
D11.02,Vacuum cocks,
D11.02,Vacuum pumps,
D11.02,CO2 cocks,
D11.02,CO2 pumps,
D11.02,Oxygen cocks,
D11.02,Oxygen pumps,
D11.02,Anaesthetic gas cocks,
D11.02,Anaesthetic gas pumps,
D11.03,Special utilities: storage,
D11.03,Compressed air tanks and storage facilities,
D11.03,Vacuum tanks and storage facilities,
D11.03,CO2 tanks and storage facilities,
D11.03,Oxygen tanks and storage facilities,
D11.03,Anaesthetic gas tanks and storage facilities,
D11.04,Special utilities: distribution,
D11.04,Compressed air pipe fittings,
D11.04,Compressed air pipe segments,
D11.04,Compressed air meters,
D11.04,Compressed air cocks,
D11.04,Vacuum pipe fittings,
D11.04,Vacuum pipe segments,
D11.04,Vacuum meters,
D11.04,Vacuum cocks,
D11.04,CO2 pipe fittings,
D11.04,CO2 pipe segments,
D11.04,CO2 meters,
D11.04,CO2 cocks,
D11.04,Oxygen pipe fittings,
D11.04,Oxygen pipe segments,
D11.04,Oxygen meters,
D11.04,Oxygen cocks,
D11.04,Anaesthetic gas pipe fittings,
D11.04,Anaesthetic gas pipe segments,
D11.04,Anaesthetic gas meters,
D11.04,Anaesthetic gas cocks,
D11.05,"Special utilities: control fittings, appliances",
D11.05,Compressed air taps,
D11.05,Vacuum taps,
D11.05,CO2 taps,
D11.05,Oxygen taps,
D11.05,Anaesthetic gas taps,
D12,Transport installations,
D12.01,Passenger lifts,
D12.01,Passenger lifts,
D12.02,Goods and service lifts,
D12.02,Goods lifts,
D12.02,Bed lifts,
D12.03,Special lifts,
D12.03,Special lifts,
D12.04,Escalators,
D12.04,Escalators,
D12.05,Moving pavements,
D12.05,Moving pavements,
D12.06,"Lifting equipment, loading terminals",
D12.06,Craneways,
D12.06,Lifting platforms,
E,External wall cladding to buildings,
E01,External wall cladding below ground,
E01.01,Wall waterproofing below ground,
E01.01,Wall waterproofing below ground,TERRAINSHELL
E01.01,Wall waterproofing below ground,TERRAINSHELL
E01.02,External thermal insulation below ground,
E01.02,External thermal insulation below ground,TERRAINSHELL
E01.02,External thermal insulation below ground,TERRAINSHELL
E01.03,Protective layers below ground,
E01.03,Protective layers below ground,TERRAINSHELL
E01.03,Protective layers below ground,TERRAINSHELL
E02,External wall cladding above ground,
E02.01,External coatings,
E02.01,External coatings,
E02.01,External coatings,
E02.02,External thermal insulation systems,
E02.02,External thermal insulation systems,
E02.02,External thermal insulation systems,
E02.03,Facade cladding,
E02.03,Facade cladding,
E02.03,Facade cladding,
E02.03,Breather membranes,
E02.04,Facade systems,
E02.04,Facade systems,
E02.04,Mullions,
E02.04,Plates,
E02.04,Studs,
E02.05,Facade soffit cladding,
E02.05,Facade soffit cladding,
E02.06,External fall prevention,
E02.06,Guard rails,
E02.06,Handrails,
E02.06,Balustrades,
E02.06,Fences,
E03,Elements in external walls,
E03.01,Windows,
E03.01,Windows,
E03.01,Dormer windows,
E03.02,External pedestrian doors,
E03.02,External pedestrian doors,
E03.02,External pedestrian doors,
E03.03,External large doors,
E03.03,External large doors,
E03.03,External large doors,
E03.04,"Sunshading, weather protection",
E03.04,Awnings,
E03.04,Venetian blinds,
E03.04,Window shutters,
E03.05,Guard rails,
E03.05,Guard rails,
E03.05,Handrails,
E03.05,Balustrades,
E03.05,Fences,
F,Building roofing,
F01,Roof coverings,
F01.01,Roof waterproofing below ground,
F01.01,Roof waterproofing below ground,TERRAINSHELL
F01.01,Roof waterproofing below ground,TERRAINSHELL
F01.01,Thermal insulation,TERRAINSHELL
F01.01,Vapour control layers,TERRAINSHELL
F01.01,Protective layers,TERRAINSHELL
F01.02,Flat roofing,
F01.02,Flat roofs,ROOFING
F01.02,Roof waterproofing,ROOFING
F01.02,Flat roof flashings,ROOFING
F01.02,Vapour control layers,ROOFING
F01.02,Thermal insulation,ROOFING
F01.02,Roof planting,ROOFING
F01.02,Solar collectors,
F01.02,Solar panels,
F01.03,Pitched roofing,
F01.03,Shed roofs,ROOFING
F01.03,Gable roofs,ROOFING
F01.03,Hip roofs,ROOFING
F01.03,Hipped gable roofs,ROOFING
F01.03,Gambrel roofs,ROOFING
F01.03,Mansard roofs,ROOFING
F01.03,Barrel roofs,ROOFING
F01.03,Rainbow roofs,ROOFING
F01.03,Butterfly roofs,ROOFING
F01.03,Pavilion roofs,ROOFING
F01.03,Dome roofs,ROOFING
F01.03,Free-form roofs,ROOFING
F01.03,Solar collectors,
F01.03,Solar panels,
F01.04,Roof systems,
F01.04,Roof systems,ROOFING
F01.04,Conservatory roofs,ROOFING
F02,Elements in roofs,
F02.01,Elements in flat roofs,
F02.01,Lightdomes,ROOFING
F02.01,Exit hatches,ROOFING
F02.02,Elements in pitched roofs,
F02.02,Skylights,ROOFING
F02.03,Protective installations for roofs,
F02.03,"Side protection, anchor points",SECURITY
F02.03,Lightning protection systems,LIGHTNINGPROTECTION
F02.03,Protective conductor segments,
F02.03,Protective conductor fittings,
G,Building fit-out,
G01,"Partitions, internal doors",
G01.01,Fixed partitions,
G01.01,Partitions,INTERIORS
G01.01,Partitions,INTERIORS
G01.01,Mullions,INTERIORS
G01.01,Plates,INTERIORS
G01.01,Studs,INTERIORS
G01.02,Movable partitions,
G01.02,Movable partitions,INTERIORS
G01.02,Movable partitions,INTERIORS
G01.03,Shaft fronts,
G01.03,Plumbing walls,INTERIORS
G01.03,Plumbing walls,INTERIORS
G01.04,Internal windows,
G01.04,Internal windows,INTERIORS
G01.05,Internal pedestrian doors,
G01.05,Internal pedestrian doors,INTERIORS
G01.06,Internal large doors,
G01.06,Internal large doors,INTERIORS
G02,Floor coverings,
G02.01,Construction below floor coverings,
G02.01,Construction below floor coverings,INTERIORS
G02.01,Construction below floor coverings,INTERIORS
G02.02,Floor coverings,
G02.02,Floor coverings,INTERIORS
G02.02,Floor coverings,INTERIORS
G02.02,Floor coverings,
G03,Wall coverings,
G03.01,Construction below wall coverings,
G03.01,Construction below wall coverings,INTERIORS
G03.01,Construction below wall coverings,INTERIORS
G03.02,Wall coverings,
G03.02,Wall coverings,INTERIORS
G03.02,Wall coverings,INTERIORS
G03.02,Wall coverings,
G04,Ceiling coverings,
G04.01,Construction below ceiling coverings,
G04.01,Construction below ceiling coverings,INTERIORS
G04.01,Construction below ceiling coverings,INTERIORS
G04.02,Ceiling coverings,
G04.02,Ceiling coverings,INTERIORS
G04.02,Ceiling coverings,INTERIORS
G04.02,Ceiling coverings,
G05,Fixtures/protective elements for fit-out,
G05.01,"Built-in cupboards, shelving, surface tops",
G05.01,File cabinets,
G05.01,Shelves,
G05.01,Wardrobes,
G05.02,Fitted kitchens,
G05.02,Worktops,KITCHEN
G05.02,Bottom units,KITCHEN
G05.02,Top units,KITCHEN
G05.02,Gas stoves,KITCHEN
G05.02,Gas ovens,KITCHEN
G05.02,Hearths,KITCHEN
G05.02,Stoves,KITCHEN
G05.02,Ovens,KITCHEN
G05.02,Steamers,KITCHEN
G05.02,Dishwashers,KITCHEN
G05.02,Refrigerators,KITCHEN
G05.02,Fridge-freezers,KITCHEN
G05.02,Freezers,KITCHEN
G05.02,Kitchen machines,KITCHEN
G05.02,Microwaves,KITCHEN
G05.03,Internal window fixtures,
G05.03,Window boards,INTERIORS
G05.03,Jamb linings,INTERIORS
G05.03,Curtain boards,INTERIORS
G05.04,Internal shutters and screens,
G05.04,Venetian blinds,INTERIORS
G05.04,Blackout devices,INTERIORS
G05.05,Fall prevention and impact protection fixtures,
G05.05,Guard rails,INTERIORS
G05.05,Handrails,INTERIORS
G05.05,Balustrades,INTERIORS
G05.05,Fences,INTERIORS
G05.06,Special fixtures,
G05.06,Saunas,INTERIORS
G05.06,Whirlpools,INTERIORS
G05.06,Fireplaces,INTERIORS
G05.06,Fireplace stoves,INTERIORS
G05.06,Planters,INTERIORS
G05.06,Plants,INTERIORS
G05.07,"Minor fixtures, civil defence shelter fittings",
G05.07,Letter boxes,EQUIPEMENT
G05.07,Tyre cabinets,EQUIPEMENT
G05.07,Clothes lines,EQUIPEMENT
G05.07,Cycle stands,EQUIPEMENT
G05.07,Civil defence shelter fittings,SHELTER
G06,Builder's work in connection (for fit-out),
G06.01,Holes/chases formed in fit-out,
G06.01,Wall openings,INTERIORS
G06.01,Suspended slab openings,INTERIORS
G06.01,Cut-outs in wall,INTERIORS
G06.01,Cut-outs in suspended slab,INTERIORS
G06.01,Cut-outs in ground slab,INTERIORS
G06.01,Wall chases,INTERIORS
G06.01,Suspended slab chases,INTERIORS
G06.01,Ground slab chases,INTERIORS
G06.01,Core drillings,INTERIORS
G06.01,Provision for voids for services,
G06.02,Barriers/fire stopping,
G06.02,Barriers/fire stopping,INTERIORS
G06.02,Barriers/fire stopping,INTERIORS
G06.02,Barriers/fire stopping,
G06.03,Cleaning,
G06.03,Cleaning,
G06.03,Cleaning,
G06.03,Cleaning,
G06.04,Drying-out,
G06.04,Drying-out,
G06.04,Drying-out,
G06.04,Drying-out,
H,Use-specific building facilities,
H01,Production facilities,
H01.01,"Production facilities: utilities, disposal",
H01.02,Production facilities: treatment,
H01.03,Production facilities: storage,
H01.04,Production facilities: distribution,
H01.05,"Production facilities: control fittings, appliances",
H02,Laboratory facilities,
H02.01,"Laboratory facilities: utilities, disposal",
H02.02,Laboratory facilities: treatment,
H02.03,Laboratory facilities: storage,
H02.04,Laboratory facilities: distribution,
H02.05,"Laboratory facilities: control fittings, appliances",
H03,Catering kitchens,
H03.01,"Catering kitchens: utilities, disposal",
H03.02,Catering kitchens: treatment,
H03.03,Catering kitchens: storage,
H03.04,Catering kitchens: distribution,
H03.05,"Catering kitchens: control fittings, appliances",
H04,Laundry/cleaning facilities,
H04.01,"Laundry/cleaning facilities: utilities, disposal",
H04.02,Laundry/cleaning facilities: treatment,
H04.03,Laundry/cleaning facilities: storage,
H04.04,Laundry/cleaning facilities: distribution,
H04.05,"Laundry/cleaning facilities: control fittings, appliances",
H05,Healthcare facilities,
H05.01,Equipment for vital data monitoring,
H05.02,Equipment for diagnostics,
H05.03,Equipment for treatment and nursing,
H05.04,Medical refrigeration and heating equipment,
H05.04,Medical refrigeration and heating equipment,
H05.05,Measurement and analysis equipment,
H05.06,"Cleaning, disinfection, sterilization",
H05.06,"Cleaning, disinfection, sterilization",
H05.06,"Cleaning, disinfection, sterilization",
H05.07,Medical fittings and furnishings,
H05.08,Medical light fittings,
H05.09,Medical fabrics,
H05.10,Minor medical inventory,
H05.11,Medical means of transport,
H05.12,Medical supplies,
H06,Educational/cultural facilities,
H06.01,"Educational/cultural facilities: utilities, disposal",
H06.01,"Educational facilities: utilities, disposal",
H06.01,"Cultural facilities: utilities, disposal",
H06.02,Educational/cultural facilities: appliances,
H06.02,Educational facilities: appliances,
H06.02,Cultural facilities: appliances,
H06.03,Educational/cultural facilities: controls,
H06.03,Educational facilities: controls,
H06.03,Cultural facilities: controls,
H06.04,Educational/cultural facilities: fixtures,
H06.04,Educational facilities: fixtures,
H06.04,Cultural facilities: fixtures,
H07,Sports/leisure facilities,
H07.01,"Sports/leisure facilities: utilities, disposal",
H07.01,"Sports/leisure facilities: utilities, disposal",
H07.01,"Sports/leisure facilities: utilities, disposal",
H07.02,Sports/leisure facilities: appliances,
H07.02,Sports/leisure facilities: appliances,
H07.02,Sports/leisure facilities: appliances,
H07.03,Sports/leisure facilities: controls,
H07.03,Sports/leisure facilities: controls,
H07.03,Sports/leisure facilities: controls,
H07.04,Sports/leisure facilities: fixtures,
H07.04,Sports/leisure facilities: fixtures,
H07.04,Sports/leisure facilities: fixtures,
H08,Relaxation/recuperation facilities,
H08.01,"Relaxation/recuperation facilities: utilities, disposal",
H08.02,Relaxation/recuperation facilities: appliances,
H08.03,Relaxation/recuperation facilities: controls,
H08.04,Relaxation/recuperation facilities: fixtures,
H09,Other use-specific facilities,
H09.01,"Use-specific facilities: utilities, disposal",
H09.02,Use-specific facilities: treatment,
H09.03,Use-specific facilities: storage,
H09.04,Use-specific facilities: distribution,
H09.05,"Use-specific facilities: control fittings, appliances",
H09.06,Parking systems,
H09.07,Material conveyor systems,
H09.07,"Craneways, crane gantries",TRANSPORT
H09.07,Hoists,TRANSPORT
H09.07,Lifting stages,TRANSPORT
H09.07,Lifting ramps,TRANSPORT
H09.07,Goods conveyor systems (conveyor belts),TRANSPORT
H09.07,Pneumatic document conveyors,TRANSPORT
H09.08,Cold stores,
H09.08,Cold rooms,
H09.08,Cold storage units,
H09.09,Storage/warehouse facilities,
H09.09,Sliding cabinets,STORAGE
H09.09,Rolling shelf storage,STORAGE
H09.09,High-bay racking,STORAGE
I,External works for building,
I01,Landscape modelling,
I01.01,Site contouring,
I01.01,Site stripping,LANDSCAPE
I01.01,Soil placement,LANDSCAPE
I01.02,Buried drainage,
I01.02,Pipe fittings,
I01.02,Pipe segments,
I01.02,Tanks,
I01.02,Inspection chambers,
I01.02,Soakaways,
I01.02,Gully sumps,
I01.02,Gully traps,
I01.02,Road gullies,
I01.02,Pumps,
I02,External structures,
I02.01,Slope stabilization,
I02.01,Stabilization with sprayed concrete,LANDSCAPE
I02.01,Stabilization with prefabricated units,LANDSCAPE
I02.01,Stabilization with prefabricated units,LANDSCAPE
I02.02,Retaining walls,
I02.02,Retaining walls,LANDSCAPE
I02.02,Retaining walls,LANDSCAPE
I02.03,Freestanding walls,
I02.03,Solid walls,LANDSCAPE
I02.03,Polygonal walls,LANDSCAPE
I02.03,Solid walls,LANDSCAPE
I02.03,Polygonal walls,LANDSCAPE
I02.04,"Steps, stairways, ramps",
I02.04,External steps/stairways,LANDSCAPE
I02.04,External step/stair flights,LANDSCAPE
I02.04,External ramps,LANDSCAPE
I02.04,External ramp flights,LANDSCAPE
I02.04,External landings,LANDSCAPE
I02.04,Block steps,LANDSCAPE
I02.05,Minor structures,
I02.05,"Pavilions, shelters, sheds",LANDSCAPE
I02.05,"Pools, fountains",LANDSCAPE
I02.05,"Stages, platforms",LANDSCAPE
I02.06,Underground structures,
I02.06,Tubular escape passages and escape exits,LANDSCAPE
I02.06,Wellrooms,LANDSCAPE
I02.06,Adits,LANDSCAPE
I02.07,Fall prevention and impact protection fixtures for external area,
I02.07,Handrails,LANDSCAPE
I02.07,Guard rails,LANDSCAPE
I02.07,Balustrades,LANDSCAPE
I02.07,Bollards,LANDSCAPE
I02.08,"Enclosures, fences",
I02.08,Fences,LANDSCAPE
I02.08,Boundary walls,LANDSCAPE
I02.08,Boundary walls,LANDSCAPE
I03,Green spaces,
I03.01,Vegetation substrate,
I03.01,Vegetation substrate (layer),VEGETATION
I03.02,Seeded areas,
I03.02,Seeded areas (layer),VEGETATION
I03.03,"Planted areas, hedges",
I03.03,Perennials,VEGETATION
I03.03,Shrubs,VEGETATION
I03.03,Hedges,VEGETATION
I03.04,Vertical planting,
I03.04,Vertical planting,VEGETATION
I03.05,Single planting,
I03.05,Trees,VEGETATION
I03.05,Shrubs,VEGETATION
I03.06,Kerbs and edgings to green spaces,
I03.06,Kerbs and edgings to green spaces,VEGETATION
I03.07,Natural-style water areas,
I03.07,Natural-style water areas,VEGETATION
I03.08,Bioengineering measures,
I03.08,Bioengineered stabilization,VEGETATION
I03.09,Maintenance up to handover,
I03.09,Maintenance up to handover,
I04,Hard surfaces,
I04.01,Sub-base and base course,
I04.01,Armour layers,HARDSCAPE
I04.01,Filter layers,HARDSCAPE
I04.01,Sub-base,HARDSCAPE
I04.01,Base course,HARDSCAPE
I04.01,Protective layers,HARDSCAPE
I04.02,Kerbs and edgings to hard surfaces,
I04.02,Kerbs and edgings to hard surfaces,HARDSCAPE
I04.03,Surface course,
I04.03,Segmental pavements,HARDSCAPE
I04.03,Surface course,HARDSCAPE
I04.03,Concrete slabs,HARDSCAPE
I04.03,Coverings,HARDSCAPE
I04.04,Ground marking,
I04.04,Pavement surface marking,HARDSCAPE
I04.04,Symbol marking,HARDSCAPE
I05,External services installations,
I05.01,External power installations,
I05.01,Power installations (cable segments),
I05.01,Power installations (cable fittings),
I05.01,Power outlets,
I05.01,Power contactors,
I05.01,Power switches,
I05.01,Sensors,
I05.01,External light fixtures,
I05.02,External low-current installations,
I05.02,Low-current installations (cable segments),
I05.02,Low-current appliances (cable fittings),
I05.02,Low-current outlets,
I05.02,Low-current contactors,
I05.02,Low-current switches,
I05.03,External heating installations,
I05.03,Pipe fittings,
I05.03,Pipe segments,
I05.04,External refrigeration installations,
I05.04,Pipe fittings,
I05.04,Pipe segments,
I05.05,External sanitary installations,
I05.05,Pipe fittings,
I05.05,Pipe segments,
I05.05,Fountains,
I05.05,Cisterns,
I05.05,Sinks,
I05.05,Sanitary fountains,
I05.05,"Draw-off cocks, garden taps",
I05.06,External surface drainage,
I05.06,Pipe fittings,
I05.06,Pipe segments,
I05.06,Gully sumps,
I05.06,Gully traps,
I05.06,Retention-filtration basins,
I05.06,Linear soakaways,
I05.06,Land drains,
I05.06,Inspection chambers,
I05.07,External transport installations,
I05.07,Transport installations,LANDSCAPE
I05.08,Boundary/site security,
I05.08,Video cameras,
I05.08,Electric fences,LANDSCAPE
I06,External furnishings,
I06.01,Movable external furnishings,
I06.01,Tables,LANDSCAPE
I06.01,Benches,LANDSCAPE
I06.01,Chairs,LANDSCAPE
I06.01,Litter bins,LANDSCAPE
I06.02,Fixed external furnishings,
I06.02,Tables,LANDSCAPE
I06.02,Benches,LANDSCAPE
I06.02,Chairs,LANDSCAPE
I06.02,Litter bins,LANDSCAPE
I06.02,Fountains,LANDSCAPE
I06.02,Bollards,LANDSCAPE
I06.02,Letter boxes,LANDSCAPE
I06.02,Flagpoles,LANDSCAPE
I06.02,Cycle stands,LANDSCAPE
I06.02,Trellises,LANDSCAPE
I06.02,Signs,LANDSCAPE
I06.03,Playground and sports apparatus for external area,
I06.03,Slides,LEISURE
I06.03,Sandpits,LEISURE
I06.03,Playhouses,LEISURE
I06.03,Climbing apparatus,LEISURE
I06.03,Swings,LEISURE
I06.03,Goals for ball games,LEISURE
I06.03,Nets for ball games,LEISURE
I06.03,Baskets for ball games,LEISURE
I06.04,Waste disposal facilities for external area,
I06.04,Underground waste containers,DISPOSAL
I06.04,Wheeled waste containers,DISPOSAL
J,Building furnishings,
J01,Furniture,
J01.01,General furniture,
J01.01,Chairs,
J01.01,Tables,
J01.01,Desks,
J01.01,Beds,
J01.01,File cabinets,
J01.01,Shelves,
J01.01,Sofas,
J01.01,Wardrobes,
J01.01,Cupboards,
J01.01,Open cabinets,
J01.01,Sideboards,
J01.01,Panels,
J01.01,Work surfaces,
J01.02,Use-specific furniture,
J01.02,School furniture,OFFICE
J01.02,Office furniture,EDUCATION
J01.03,Movable luminaires,
J01.03,Floor-standing light fixtures,
J01.03,Light fixtures,
J01.03,Light sources,
J01.04,Signage,
J01.04,Pictorials,SIGNAGE
J01.04,Markers,SIGNAGE
J01.04,Mirrors,SIGNAGE
J01.04,Marks,SIGNAGE
J01.04,"Codes, tags",SIGNAGE
J01.04,Hatch marking,SIGNAGE
J01.04,Line marking,SIGNAGE
J01.04,Pavement surface marking,SIGNAGE
J01.04,Symbol marking,SIGNAGE
J02,Minor inventory,
J02.01,General minor inventory,
J02.01,"Crockery, cutlery",
J02.02,Use-specific minor inventory,
J02.02,"Tools, containers, equipment",
J02.03,Movable equipment,
J02.03,Fans,EQUIPEMENT
J02.03,Hand driers,EQUIPEMENT
J02.03,Water coolers,EQUIPEMENT
J02.03,Printers,EQUIPEMENT
J02.03,Scanners,EQUIPEMENT
J02.03,Multi-functional devices,EQUIPEMENT
J02.03,Coffee machines,EQUIPEMENT
J02.03,Vending machines,EQUIPEMENT
J03,Textile products,
J03.01,General textile products,
J03.01,General curtains,CUSTOM
J03.02,Use-specific textile products,
J03.02,Hospital privacy curtains,HEALTHCARE
J03.02,Theatre acoustic curtains,CULTURE
J04,Artwork for buildings,
J04.01,Artwork items,
J04.01,Paintings,ART
J04.01,Sculptures,ART
J04.02,Artistically designed building elements,
J04.02,Columns,ART
J04.02,Suspended slabs,ART
J04.02,Walls,ART
J04.02,Walls,ART
