,Swiss_Raw,Swiss_Code,SoldAfterDays,CountEntity,Swiss_Code_Parent,Code,Title,Imagefile,Rank_SoldAfterDays,Rank_CountEntity,Score
100,refrigerator,IfcElectricAppliance.REFRIGERATOR,53.851351351351354,74,IfcElectricAppliance.REFRIGERATOR,,,"[nan, '111828_570x570.jpg', '111499_570x570.jpg', nan, 'sam_9112_570x570.jpg', '110889_570x570.jpg', nan, nan, nan, '2776_2_570x570.jpg', '2741_2_570x570.jpg', '2788_2_570x570.jpg', '112230_570x570.jpg', '2743_1_570x570.jpg', '112388_570x570.jpg', '112366_570x570.jpg', '2781_2_570x570.jpg', '112389_570x570.jpg', '1_%28280%29_570x570.jpg', '2750_1_570x570.jpg', '1_%28291%29_570x570.jpg', '112403_570x570.jpg', '112402_570x570.jpg', '_dsc9586_570x570.jpg', '_dsc9689_570x570.jpg', '_dsc9670_570x570.jpg', '2850-2_570x570.jpg', '2848-2_570x570.jpg', '_dsc9670_%281%29_570x570.jpg', '_dsc9714_570x570.jpg', '_dsc9460_570x570.jpg', '1_%28324%29_570x570.jpg', '_dsc9772_570x570.jpg', '1_%28314%29_570x570.jpg', '1_%28323%29_570x570.jpg', '112566_570x570.jpg', '2869-2_570x570.jpg', '2910-2_570x570.jpg', '112577_570x570.jpg', '112574_570x570.jpg', '2948-2_570x570.jpg', '112070_570x570.jpg', '112069_570x570.jpg', '2965-2_570x570.jpg', '112548_570x570.jpg', '1_%28357%29_570x570.jpg', '_dsc9916_570x570.jpg', '_dsc0375_570x570.jpg', '2969-2_570x570.jpg', '_dsc0053_570x570.jpg', '_dsc9389_570x570.jpg', '_dsc0367_570x570.jpg', '_dsc0417_570x570.jpg', '_dsc0471_570x570.jpg', '112150_570x570.jpg', '_dsc0475_570x570.jpg', '_dsc0484_570x570.jpg', '_dsc0549_570x570.jpg', '1_%28386%29_570x570.jpg', '1_%28387%29_570x570.jpg', 'screenshot2023-05-04091027_570x570.png', '112191_570x570.jpg', '112190_570x570.jpg', '112188_570x570.jpg', '_dsc0567_570x570.jpg', '112061_570x570.jpg', '_dsc0050_570x570.jpg', '112194_570x570.jpg', '_dsc0440_570x570.jpg', '_dsc0848_570x570.jpg', '3026-2_570x570.jpg', '_dsc0801_570x570.jpg', '3023-2_570x570.jpg', '_dsc0742_570x570.jpg', '3019-2_570x570.jpg', '3005-2_570x570.jpg', '3069-2_570x570.jpg', '3070-2_570x570.jpg', '113013_570x570.jpg', '113515_570x570.jpg', '3026-2_570x570.jpg', '3023-2_570x570.jpg', '3005-2_570x570.jpg', 'khlschrank_%281%29_570x570.jpg', '1_%28471%29_570x570.jpg', '3076-2_570x570.jpg', '1_%28524%29_570x570.jpg', 'img_1785_%281%29_570x570.jpg', '113330_570x570.jpg', '_dsc0742_570x570.jpg', '1_%28536%29_570x570.jpg', 'img_0904_570x570.jpg', '1_%28534%29_570x570.jpg', '1_%28515%29_570x570.jpg']",13.0,1.0,14.0
85,dishwasher,IfcElectricAppliance.DISHWASHER,42.84615384615385,26,IfcElectricAppliance.DISHWASHER,,,"['20220131_100900_570x570.jpg', nan, '7e8d6b36-901b-4cd6-83f4-c332fe59fadd_570x570.jpeg', nan, '_dsc9482_570x570.jpg', '_dsc9491_570x570.jpg', '_dsc9572_570x570.jpg', '_dsc9599_570x570.jpg', '_dsc9610_570x570.jpg', '2852-2_570x570.jpg', '_dsc9812_570x570.jpg', '_dsc9984_570x570.jpg', '2943-2_570x570.jpg', '_dsc0113_570x570.jpg', '112034_570x570.jpg', '_dsc0119_570x570.jpg', '_dsc0424_570x570.jpg', '_dsc0431_570x570.jpg', '_dsc0444_570x570.jpg', '_dsc0436_570x570.jpg', ""['https://materiuum.ch/wp-content/uploads/2023/04/2302-5814-a-600x450.jpg', 'https://materiuum.ch/wp-content/uploads/2023/04/2302-5814-b-600x800.jpg']"", ""['https://materiuum.ch/wp-content/uploads/2023/04/2202-3396-a-600x450.jpg', 'https://materiuum.ch/wp-content/uploads/2023/04/2202-3396-b-600x800.jpg', 'https://materiuum.ch/wp-content/uploads/2023/04/2202-3396-c-600x800.jpg']"", '1_%28379%29_570x570.jpg', '_dsc0487_570x570.jpg', '_dsc0553_570x570.jpg', '_dsc0493_570x570.jpg', '_dsc0825_570x570.jpg', '_dsc0724_570x570.jpg', '113007_570x570.jpg', '_dsc0724_570x570.jpg', '113007_570x570.jpg']",10.0,12.0,22.0
78,Pedestal washbasins,Pr_40_20_96_63,83.3061224489796,49,Pr_40_20,Pr_40_20,Sanitary fittings and accessories,"[nan, 'img_20210226_172633_570x570.jpg', '1_%28122%29_570x570.jpg', '1_%28124%29_570x570.jpg', 'img_6814_570x570.jpg', 'img_6815_570x570.jpg', '105720_1_570x570.jpg', '20170223_083731_570x570.jpg', '07.04.2016-002a_570x570.jpg', '108433_1_570x570.jpg', '106322_1_570x570.jpg', 'img_20220824_1031314_570x570.jpg', '110879_570x570.jpg', '108320_1_570x570.jpg', '1_%28288%29_570x570.jpg', '2932489d-594d-4718-995a-8a067096c48f_570x570.jpg', '2917-2_570x570.jpg', '112338_570x570.jpg', '90017_1_570x570.jpg', '90026_1_570x570.jpg', '90063_1_570x570.jpg', '112350_570x570.jpg', '90068_1_570x570.jpg', '90111_1_570x570.jpg', '90118_1_570x570.jpg', '90153_1_570x570.jpg', '90166_1_570x570.jpg', '91211_1_570x570.jpg', '91552_570x570.jpg', '90109_1_570x570.jpg', '2947-2_570x570.jpg', '109481_1_%281%29_570x570.jpg', '111474_570x570.jpg', '110999_570x570.jpg', '110905_570x570.jpg', '110411_1_570x570.jpg', '111493_570x570.jpg', '111042_570x570.jpg', '111473_570x570.jpg', '111840_570x570.jpg', '109794_1_570x570.jpg', '111476_570x570.jpg', '_dsc0223_570x570.jpg', '_dsc0209_570x570.jpg', '_dsc0215_570x570.jpg', '_dsc0226_570x570.jpg', ""['https://materiuum.ch/wp-content/uploads/2023/04/2302-5794-a-600x450.jpg', 'https://materiuum.ch/wp-content/uploads/2023/04/2302-5794-b-600x800.jpg', 'https://materiuum.ch/wp-content/uploads/2023/04/2302-5794-c-600x800.jpg']"", 'image_20230411_174003_570x570.jpg', '_dsc0721_570x570.jpg', '_dsc0721_570x570.jpg', '112994_570x570.jpg', '112993_570x570.jpg', 'waschbeckenx4stetten1_570x570.png', 'antikeshandwaschbecken2_570x570.jpg', '90063_1_570x570.jpg', '90118_1_570x570.jpg', '110999_570x570.jpg']",25.0,6.0,31.0
0,Window walls,Pr_30_59_99,96.64516129032258,62,Pr_30_59,Pr_30_59,Openings and opening component products,"[nan, nan, 'img_3943_570x570.jpg', nan, nan, nan, nan, nan, '1_%2848%29_570x570.jpg', 'hintergrund-horizontal-neu.1_570x570.jpg', '1_570x570.png', '0b982ee9-fd64-4dfb-8042-e748728262ca_570x570.jpeg', 'hintergrund-horizontal_%283%29_570x570.png', '1_%2880%29_570x570.jpg', '1_%2816%29_570x570.png', 'hintergrund-horizontal-neu.2_570x570.jpg', '1a_%281%29_570x570.png', '1a_%282%29_570x570.png', '2628_570x570.jpg', '20200831_151940_570x570.jpg', nan, '1_%28220%29_570x570.jpg', '09.06.2015-011_570x570.jpg', '111789_570x570.jpg', 'img_20220824_0956506_%282%29_570x570.jpg', 'img_20220824_0956506_%283%29_570x570.jpg', '111675_570x570.jpg', '112224_570x570.jpg', nan, 'fenster01_570x570.jpg', 'xd_570x570.jpg', '2807_570x570.jpg', '2801_2_570x570.jpg', 'img_20230109_151749_%281%29_570x570.jpg', '1_%28341%29_570x570.jpg', '112043_570x570.jpg', '1_%28349%29_570x570.jpg', '1_%28350%29_570x570.jpg', '1_%28351%29_570x570.jpg', '1_%28352%29_570x570.jpg', '1_%28353%29_570x570.jpg', '1_%28354%29_570x570.jpg', '1_%28355%29_570x570.jpg', ""['https://materiuum.ch/wp-content/uploads/2023/02/2302-5949-a.jpg', 'https://materiuum.ch/wp-content/uploads/2023/02/2302-5949-b-600x338.jpg', 'https://materiuum.ch/wp-content/uploads/2023/02/2302-5949-c.jpg']"", ""['https://materiuum.ch/wp-content/uploads/2023/02/2302-5950-a.jpg', 'https://materiuum.ch/wp-content/uploads/2023/02/2302-5950-b-600x338.jpg', 'https://materiuum.ch/wp-content/uploads/2023/02/2302-5950-c.jpg']"", ""['https://materiuum.ch/wp-content/uploads/2023/02/2302-5951-a-600x338.jpg', 'https://materiuum.ch/wp-content/uploads/2023/02/2302-5951-b-600x338.jpg', 'https://materiuum.ch/wp-content/uploads/2023/02/2302-5951-c-600x338.jpg']"", nan, '1_%28364%29_570x570.jpg', '1_%28361%29_570x570.jpg', '1_%28360%29_570x570.jpg', '1_%28359%29_570x570.jpg', '1_%28362%29_570x570.jpg', '1_%28363%29_570x570.jpg', '1_%28358%29_570x570.jpg', '1_%28367%29_570x570.jpg', '1_%28369%29_570x570.jpg', '1_%28370%29_570x570.jpg', '1_%28371%29_570x570.jpg', '20230401_115640_570x570.jpg', ""['https://materiuum.ch/wp-content/uploads/2023/04/2302-5824-a-600x450.jpg', 'https://materiuum.ch/wp-content/uploads/2023/04/2302-5824-b-600x800.jpg', 'https://materiuum.ch/wp-content/uploads/2023/04/2302-5824-c-600x800.jpg']"", nan, '1_%28396%29_570x570.jpg', nan, '1_%28396%29_570x570.jpg', '1_%28529%29_570x570.jpg', '1_%28525%29_570x570.jpg', '1_%28521%29_570x570.jpg', '20230913_104542_570x570.jpg', 'img_0790_570x570.jpg', 'img_0786_570x570.jpg', 'img_0785_570x570.jpg', 'balkontreneu_570x570.jpg', nan]",33.0,2.0,35.0
120,Domestic cooking equipment,Pr_40_70_24,53.3125,16,Pr_40_70,Pr_40_70,Equipment,"[nan, nan, nan, nan, '_dsc8941_570x570.jpg', '20200618_180022_570x570.jpg', '20220131_100958_570x570.jpg', 'img_20221008_093931_7_570x570.jpg', '1_%28287%29_570x570.jpg', ""['https://materiuum.ch/wp-content/uploads/2022/11/2209-4963-a-1-600x450.jpg', 'https://materiuum.ch/wp-content/uploads/2022/11/2209-4963-b-2-600x800.jpg', 'https://materiuum.ch/wp-content/uploads/2022/11/2209-4963-c-2.jpg']"", '1_%28348%29_570x570.jpg', ""['https://materiuum.ch/wp-content/uploads/2023/04/2302-5812-a-600x450.jpg', 'https://materiuum.ch/wp-content/uploads/2023/04/2302-5812-b-600x800.jpg', 'https://materiuum.ch/wp-content/uploads/2023/04/2302-5812-c-600x800.jpg']"", 'csm_dsc03209_2a37cbdf69_570x570.jpg', ""['https://materiuum.ch/wp-content/uploads/2023/04/2202-3389-a-600x450.jpg', 'https://materiuum.ch/wp-content/uploads/2023/04/2202-3389-b.jpg', 'https://materiuum.ch/wp-content/uploads/2023/04/2202-3389-c-600x800.jpg']"", '112179_2_570x570.jpg', 'c7972074-f8ac-4c4b-bf2e-8f071707fd20_570x570.jpg', '113492_570x570.jpg', '112179_2_570x570.jpg', 'c7972074-f8ac-4c4b-bf2e-8f071707fd20_570x570.jpg', '113492_570x570.jpg', 'c7972074-f8ac-4c4b-bf2e-8f071707fd20_570x570.jpg', 'c7972074-f8ac-4c4b-bf2e-8f071707fd20_570x570.jpg', '1_%28492%29_570x570.jpg', 'img_1214_%281%29_570x570.jpg', 'c7972074-f8ac-4c4b-bf2e-8f071707fd20_570x570.jpg', 'c7972074-f8ac-4c4b-bf2e-8f071707fd20_570x570.jpg']",12.0,24.0,36.0
11,Sprinklers,Pr_70_55_98_84,67.0,19,Pr_70_55,Pr_70_55,Liquid and gas outlet products,"[nan, '1801_570x570.jpg', nan, nan, nan, nan, '1_%28189%29_570x570.jpg', '1_%28190%29_570x570.jpg', nan, nan, '1_%28263%29_570x570.jpg', '1_%28266%29_570x570.jpg', '111518_570x570.jpg', '1_%28243%29_570x570.jpg', '1_%28268%29_570x570.jpg', '1_%28310%29_570x570.jpg', '111970_570x570.jpg', '111915_570x570.jpg', '112084_570x570.jpg', 'spiegelschrank_1_570x570.jpg', '20230703_145800_570x570.jpg', 'led-einbauleuchten-17x17cm-1_570x570.jpg', 'ei30image-5_570x570.jpg', 'img_5045_570x570.jpg']",16.0,20.0,36.0
233,washing machine,IfcElectricAppliance.WASHINGMACHINE,40.46666666666667,15,IfcElectricAppliance.WASHINGMACHINE,,,"[nan, nan, '112239_570x570.jpg', '07.05.2014-001_%281%29_570x570.jpg', '2782_2_570x570.jpg', '111790_570x570.jpg', '1122491_%281%29_570x570.jpg', '1122491_570x570.jpg', '112340_2_570x570.jpg', '20211130_172622_570x570.jpg', '_dsc9605_570x570.jpg', '_dsc9912_570x570.jpg', '112017_570x570.jpg', '112060_570x570.jpg', '113504_570x570.jpg', '112927_570x570.jpg', '1_%28450%29_570x570.jpg', '3086-2_570x570.jpg']",9.0,28.0,37.0
95,tee,IfcCableCarrierFitting.TEE,14.0,12,IfcCableCarrierFitting.TEE,,,"[nan, '2228_1_570x570.jpg', 'aussentreppenobild_%282%29_570x570.jpg', ""['https://materiuum.ch/wp-content/uploads/2022/10/2205-4095-b-79-600x800.jpg', 'https://materiuum.ch/wp-content/uploads/2022/10/2205-4095-a-79-600x800.jpg', 'https://materiuum.ch/wp-content/uploads/2022/10/2205-4095-b-80-600x800.jpg']"", ""['https://materiuum.ch/wp-content/uploads/2023/01/2301-5522-a-600x800.jpg', 'https://materiuum.ch/wp-content/uploads/2023/01/2301-5522-b-600x800.jpg']"", ""['https://materiuum.ch/wp-content/uploads/2022/12/2212-5488-a-600x800.jpg', 'https://materiuum.ch/wp-content/uploads/2022/12/2212-5488-b-600x800.jpg']"", ""['https://materiuum.ch/wp-content/uploads/2022/10/2110-2104-a-83-600x800.jpg']"", ""['https://materiuum.ch/wp-content/uploads/2022/12/2208-4822-a-9-600x450.jpg', 'https://materiuum.ch/wp-content/uploads/2022/12/2208-4822-b-9-600x800.jpg']"", ""['https://materiuum.ch/wp-content/uploads/2022/12/2208-4824-a-600x450.jpg', 'https://materiuum.ch/wp-content/uploads/2022/12/2208-4824-b-600x800.jpg']"", ""['https://materiuum.ch/wp-content/uploads/2023/02/2201-3021-a-600x450.jpg', 'https://materiuum.ch/wp-content/uploads/2023/02/2201-3021-b-600x800.jpg', 'https://materiuum.ch/wp-content/uploads/2023/02/2201-3021-c-600x800.jpg']"", ""['https://materiuum.ch/wp-content/uploads/2023/02/2302-5934-a-600x800.jpg']"", ""['https://materiuum.ch/wp-content/uploads/2023/04/2302-5583-a-600x450.jpg', 'https://materiuum.ch/wp-content/uploads/2023/04/2302-5583-b-600x800.jpg', 'https://materiuum.ch/wp-content/uploads/2023/04/2302-5583-c-600x800.jpg']"", '20230427_101513_570x570.jpg', '112972_570x570.jpg', '20230815_114220_570x570.jpg']",2.0,35.0,37.0
121,Glazed structures,Pr_20_65_34,37.0,13,Pr_20_65,Pr_20_65,Prefabricated buildings and structures,"[nan, nan, nan, '_dsc9295_570x570.jpg', '_dsc9115_570x570.jpg', '_dsc9497_570x570.jpg', '_dsc9509_570x570.jpg', '_dsc9561_570x570.jpg', '_dsc9723_570x570.jpg', '_dsc9820_570x570.jpg', '_dsc9825_570x570.jpg', '_dsc9931_570x570.jpg', '_dsc0067_570x570.jpg', '113103_570x570.jpg']",7.0,31.0,38.0
71,balustrade,IfcRailing.BALUSTRADE,72.73684210526316,19,IfcRailing.BALUSTRADE,,,"['20180609_130112_570x570.jpg', nan, nan, nan, nan, 'screenshot2022-06-03144207_570x570.png', 'img_9890_%281%29_570x570.jpg', 'img_20191121_094347_570x570.jpg', 'fensterladen-2flg_%281%29_570x570.jpg', 'fensterladen-2flg_570x570.jpg', '2871-2_570x570.jpg', '2872-2_570x570.jpg', '112075_570x570.jpg', '112076_570x570.jpg', '2973-2_570x570.jpg', '112076_570x570.jpg', '112075_570x570.jpg', nan, nan, nan, nan, '20230708_112651_570x570.jpg']",20.0,20.0,40.0
30,dera iler,IfcTrackElement.DERAILER,68.33333333333333,18,IfcTrackElement.DERAILER,,,"[nan, 'a6277ff7-c545-4075-87db-77dbd959c680_570x570.jpeg', nan, '111773_570x570.jpg', '20220605_124734_570x570.jpg', '111715_570x570.jpg', nan, '_dsc9615_570x570.jpg', '_dsc9649_570x570.jpg', '_dsc9778_570x570.jpg', '_dsc9923_570x570.jpg', '111985_570x570.jpg', '_dsc9885_570x570.jpg', '_dsc9955_570x570.jpg', '_dsc9927_570x570.jpg', '_dsc9991_570x570.jpg', '2911-2_570x570.jpg', '3031-2_570x570.jpg', '_dsc0871_570x570.jpg', '3031-2_570x570.jpg', '_dsc0871_570x570.jpg', '113134_570x570.jpg', '113163_570x570.jpg']",17.0,23.0,40.0
52,Dish and utensil washers,Pr_40_70_21_22,28.666666666666668,12,Pr_40_70,Pr_40_70,Equipment,"[nan, nan, nan, nan, 'hintergrund-horizontal-neu_%284%29_570x570.png', nan, '1_%28256%29_570x570.jpg', '112410_570x570.jpg', '1_%28301%29_570x570.jpg', '_dsc9836_570x570.jpg', '112517_570x570.jpg', '_dsc0331_570x570.jpg', '1130683_570x570.jpg', '1_%28484%29_570x570.jpg']",6.0,35.0,41.0
258,Wash troughs,Pr_40_20_96_99,96.07407407407408,27,Pr_40_20,Pr_40_20,Sanitary fittings and accessories,"['109481_1_570x570.jpg', '90106_1_570x570.jpg', '90110_1_570x570.jpg', '112350_570x570.jpg', '112338_570x570.jpg', '111483_570x570.jpg', '90114_1_570x570.jpg', '90017_1_570x570.jpg', '90026_1_570x570.jpg', '111042_570x570.jpg', '111473_570x570.jpg', '111474_570x570.jpg', '111476_570x570.jpg', '109481_1_%281%29_570x570.jpg', '91552_570x570.jpg', '91211_1_570x570.jpg', '90166_1_570x570.jpg', '90153_1_570x570.jpg', '90118_1_570x570.jpg', '90111_1_570x570.jpg', '90109_1_570x570.jpg', '90068_1_570x570.jpg', '90063_1_570x570.jpg', '110999_570x570.jpg', '110905_570x570.jpg', '109794_1_570x570.jpg', '110411_1_570x570.jpg']",32.0,11.0,43.0
29,Grommets,Pr_20_29_60_34,103.75,48,Pr_20_29,Pr_20_29,Fastener products,"['bildschirmfoto-2021-07-23-um-14.31.44_570x570.png', '8b2c4574-0348-4c58-9dc5-38b39f364183_570x570.png', nan, nan, nan, nan, '111679_570x570.jpg', '111830_570x570.jpg', '1_%2888%29_570x570.jpg', 'hintergrund-horizontal-neu_%281%29_570x570.jpg', 'hintergrund-horizontal-neu_%282%29_570x570.jpg', '2570_570x570.jpg', '2425_1_570x570.jpg', 'sam_7086_570x570.jpg', '_dsc9478_570x570.jpg', '109091_1_570x570.jpg', '111673_570x570.jpg', '109431_1_570x570.jpg', '20170830_104143_570x570.jpg', '20210429_111255_570x570.jpg', '_dsc9389_570x570.jpg', '_dsc9460_570x570.jpg', '111399_570x570.jpg', '111574_570x570.png', nan, '20190710_090109_570x570.jpg', '20210429_111806_570x570.jpg', '112448_570x570.jpg', '2463_570x570.jpg', ""['https://materiuum.ch/wp-content/uploads/2022/11/2211-5414-a-600x450.jpg', 'https://materiuum.ch/wp-content/uploads/2022/11/2211-5414-b-600x800.jpg']"", ""['https://materiuum.ch/wp-content/uploads/2023/01/2211-5397-a.jpg', 'https://materiuum.ch/wp-content/uploads/2023/01/2211-5397-c.jpg']"", ""['https://materiuum.ch/wp-content/uploads/2022/12/2211-5399-a-2.jpg', 'https://materiuum.ch/wp-content/uploads/2022/12/2211-5399-c-2.jpg']"", '_dsc9861_570x570.jpg', '111974_570x570.jpg', '_dsc9916_570x570.jpg', '112564_570x570.jpg', '2879-2_570x570.jpg', '_dsc9977_570x570.jpg', '112036_570x570.jpg', '_dsc0192_570x570.jpg', '2927-2_570x570.jpg', 'img_6859_570x570.jpg', ""['https://materiuum.ch/wp-content/uploads/2023/04/2302-5763-a-600x450.jpg', 'https://materiuum.ch/wp-content/uploads/2023/04/2302-5763-b-600x800.jpg']"", '108882_570x570.jpg', '3002-2_570x570.jpg', '112010_%281%29_570x570.jpg', '112007_%281%29_570x570.jpg', '112005_%281%29_570x570.jpg', '112002_%281%29_570x570.jpg', 'image_%2840%29_570x570.jpg', 'image_%2834%29_570x570.jpg', '112011_2_570x570.jpg', '112010_2_570x570.jpg', '112006_2_570x570.jpg', '112010_%281%29_570x570.jpg', '112007_%281%29_570x570.jpg', '112005_%281%29_570x570.jpg', '112002_%281%29_570x570.jpg', 'image_%2840%29_570x570.jpg', 'image_%2834%29_570x570.jpg', '112780_570x570.png', '112772_%281%29_570x570.png', '112769_570x570.png', '112768_570x570.png']",37.0,7.0,44.0
38,parapet,IfcWall.PARAPET,99.11538461538461,26,IfcWall.PARAPET,,,"['1_%28133%29_570x570.jpg', '1_%28131%29_570x570.jpg', '20190320_162757_%281%29_570x570.jpg', '20210407_093351_570x570.jpg', '20211011_114231_570x570.jpg', nan, nan, 'tempimagesvjh5s_570x570.jpg', 'img_1016_570x570.jpg', '09.12.2015-004_570x570.jpg', '20.08.2016-009_570x570.jpg', 'img_20220824_1026124_570x570.jpg', '111495_570x570.jpg', '111276_570x570.jpg', '112465_570x570.jpg', 'p1010089_____og_570x570.jpg', 'p1010097_570x570.jpg', ""['https://materiuum.ch/wp-content/uploads/2022/12/2212-5509-a.jpg']"", '91707_1_570x570.jpg', 'escalier_570x570.jpg', ""['https://materiuum.ch/wp-content/uploads/2023/04/2302-5586-a-600x450.jpg', 'https://materiuum.ch/wp-content/uploads/2023/04/2302-5586-b-600x800.jpg']"", ""['https://materiuum.ch/wp-content/uploads/2023/04/2302-5739-a-600x450.jpg', 'https://materiuum.ch/wp-content/uploads/2023/04/2302-5739-b-600x800.jpg', 'https://materiuum.ch/wp-content/uploads/2023/04/2302-5739-c-600x800.jpg']"", ""['https://materiuum.ch/wp-content/uploads/2023/04/2302-5740-a-600x450.jpg', 'https://materiuum.ch/wp-content/uploads/2023/04/2302-5740-b-600x800.jpg', 'https://materiuum.ch/wp-content/uploads/2023/04/2302-5740-c-600x800.jpg']"", ""['https://materiuum.ch/wp-content/uploads/2023/04/2302-5737-a-600x450.jpg', 'https://materiuum.ch/wp-content/uploads/2023/04/2302-5737-b-600x800.jpg', 'https://materiuum.ch/wp-content/uploads/2023/04/2302-5737-c-600x800.jpg']"", 'gitter_570x570.jpg', '27.04.2017-002_570x570.jpg', '27.04.2017-002_570x570.jpg', nan, 'bauteil102_570x570.jpg', 'bauteil9_570x570.jpg', 'deckenplatten2_570x570.png']",35.0,12.0,47.0
84,Fridge-freezers,Pr_40_70_26_32,38.45454545454545,11,Pr_40_70,Pr_40_70,Equipment,"[nan, '1_%28318%29_570x570.jpg', '2897-2_570x570.jpg', '2896-2_570x570.jpg', '2895-2_570x570.jpg', '2894-2_570x570.jpg', '1_%28336%29_570x570.jpg', '112571_570x570.jpg', '1_%28342%29_570x570.jpg', '1_%28366%29_570x570.jpg', '_dsc0692_570x570.jpg', '_dsc0692_570x570.jpg']",8.0,39.0,47.0
40,turnstile,IfcDoor.TURNSTILE,110.8409090909091,44,IfcDoor.TURNSTILE,,,"['20220108_104538_570x570.jpg', nan, '20190926_160530_%281%29_570x570.jpg', 'dsc_0143_570x570.jpg', '1_%2811%29_570x570.png', '111825_570x570.jpg', '1661_570x570.jpg', '1663_570x570.jpg', 'hauptbild_570x570.png', '1664_570x570.jpg', '2047_1_570x570.jpg', '6024912187_570x570.jpg', '111826_570x570.jpg', '2175_570x570.jpg', '112380_2_570x570.jpg', '106163_570x570.jpg', '111494_570x570.jpg', '111361_570x570.jpg', '108720_1_570x570.jpg', '20150903_135121_570x570.jpg', '112381_2_570x570.jpg', '_dsc9529_570x570.jpg', 'treppe1_570x570.jpg', ""['https://materiuum.ch/wp-content/uploads/2022/10/2202-3145-a-80-600x450.jpg']"", '112012_2_570x570.jpg', '112004_2_570x570.jpg', '112003_2_570x570.jpg', '112011_2_570x570.jpg', '112011_2_570x570.jpg', '112007_2_570x570.jpg', '112006_2_570x570.jpg', '112006_2_570x570.jpg', '112010_2_570x570.jpg', '112010_2_570x570.jpg', '112008_2_570x570.jpg', '112002_2_570x570.jpg', '112005_02_570x570.jpg', '112009_2_570x570.jpg', '112013_2_570x570.jpg', '112068_570x570.jpg', ""['https://materiuum.ch/wp-content/uploads/2023/01/2301-5569-a-600x800.jpg', 'https://materiuum.ch/wp-content/uploads/2023/01/2301-5569-b-600x800.jpg']"", 'screenshot2023-03-28083403_570x570.png', '1_%28375%29_570x570.jpg', '1_%28372%29_570x570.jpg', ""['https://materiuum.ch/wp-content/uploads/2023/04/2302-5753-a-600x450.jpg', 'https://materiuum.ch/wp-content/uploads/2023/04/2302-5753-b-600x800.jpg']"", ""['https://materiuum.ch/wp-content/uploads/2023/04/2302-5770-a-600x450.jpg', 'https://materiuum.ch/wp-content/uploads/2023/04/2302-5770-b-600x800.jpg']"", '05166aa2-8ea8-4edf-8d62-7e1d8a682f11_570x570.jpg', '05166aa2-8ea8-4edf-8d62-7e1d8a682f11_570x570.jpg']",44.0,9.0,53.0
44,sleevi ng,IfcCovering.SLEEVING,105.375,24,IfcCovering.SLEEVING,,,"['20200402_163608-kopie_570x570.jpg', '111832_570x570.jpg', '111833_570x570.jpg', '2058_570x570.jpg', '1948_570x570.jpg', '20190715_163305_%282%29_570x570.jpg', 'img_20220824_1023394_570x570.jpg', '109297_1_570x570.jpg', '109304_1_570x570.jpg', '109965_1_570x570.jpg', '111356_570x570.jpg', '112327_570x570.jpg', 'tre2img_3140_570x570.jpg', 'tre1img_3139_570x570.jpg', 'tre3img_3141_570x570.jpg', '111644_570x570.jpg', '109850_1_570x570.jpg', '111527_570x570.jpg', '111882_570x570.jpg', '20200507_175531_570x570.jpg', '_dsc9642_570x570.jpg', '111356_%281%29_570x570.jpg', '111990_570x570.jpg', '112104_570x570.jpg', '112105_570x570.jpg', '20221012_152217_570x570.jpg', 'aef3655c-5c00-45d1-bbf0-f9b8e06d8443_570x570.jpg', 'aef3655c-5c00-45d1-bbf0-f9b8e06d8443_570x570.jpg', '113749_570x570.jpg']",39.0,14.0,53.0
186,Cutlery,Pr_40_70_23_20,21.555555555555557,9,Pr_40_70,Pr_40_70,Equipment,"['1_%2839%29_570x570.jpg', '1_%28294%29_570x570.jpg', '1_%28270%29_570x570.jpg', '_dsc9699_570x570.jpg', '1_%28303%29_570x570.jpg', '1_%28302%29_570x570.jpg', '_dsc9769_570x570.jpg', '_dsc9962_570x570.jpg', 'screenshot2023-03-22100358_570x570.png']",4.0,49.0,53.0
82,microwave,IfcElectricAppliance.MICROWAVE,60.0,11,IfcElectricAppliance.MICROWAVE,,,"[nan, nan, '1_%28108%29_570x570.jpg', '_dsc9135_570x570.jpg', '2751_1_570x570.jpg', '2770_2_570x570.jpg', '_dsc9674_570x570.jpg', '2582_570x570.jpg', '112554_570x570.jpg', '112168_570x570.jpg', '3025-1_570x570.jpg']",15.0,39.0,54.0
54,Electrochromic glass,Pr_25_71_33_27,89.0,16,Pr_25_71,Pr_25_71,"Rigid board, panel, sheet and sectional products","[nan, '2511_1_570x570.jpg', '111341_570x570.jpg', '2754_1_570x570.jpg', '112369_570x570.jpg', '108157_1_570x570.jpg', '108161_1_570x570.jpg', '109826_1_570x570.jpg', '2754_1_%281%29_570x570.jpg', '2780_2_570x570.jpg', '112088_570x570.jpg', '112109_570x570.jpg', '112170_570x570.jpg', '111070_570x570.jpg', '111069_570x570.jpg', '112056_570x570.jpg', '112170_570x570.jpg', '111070_570x570.jpg', '111069_570x570.jpg', '112056_570x570.jpg', '113126_570x570.jpg']",30.0,24.0,54.0
8,door,IfcDoor,114.11538461538461,52,IfcDoor,,,"['20200115_081551_570x570.jpg', '20210924_112352-kopie_570x570.jpg', '20211014_152218_570x570.jpg', '20181112_170804_570x570.jpg', nan, '111497_570x570.jpg', '20181212_105901_570x570.jpg', '20220603_101935_570x570.jpg', '20200525_164037_570x570.jpg', '20180830_170933_570x570.jpg', '111417_570x570.jpg', '111468_570x570.jpg', '111695_570x570.jpg', '111359_570x570.jpg', '111360_570x570.jpg', '111420_570x570.jpg', '111258_570x570.jpg', '111469_570x570.jpg', 'img_20221028_132751_570x570.jpg', 'img_5207_570x570.jpg', '20171027_161037_570x570.jpg', '111470_570x570.jpg', '20190121_115638_570x570.jpg', '290109005_570x570.jpg', '20170223_090112_570x570.jpg', '20180411_110308_570x570.jpg', '20180411_105529_570x570.jpg', '20180417_163217_570x570.jpg', '20180417_162822_570x570.jpg', '20190121_112429_570x570.jpg', '20201022_144745_570x570.jpg', nan, '32_%281%29_570x570.jpg', '111497_%281%29_570x570.jpg', '112514_570x570.jpg', 'eingangtre_570x570.jpg', '20221110_110351_%281%29_570x570.jpg', ""['https://materiuum.ch/wp-content/uploads/2022/11/2208-4809-a-2-600x450.jpg', 'https://materiuum.ch/wp-content/uploads/2022/11/2208-4809-b-2-600x800.jpg']"", ""['https://materiuum.ch/wp-content/uploads/2022/12/2212-5492-a-600x800.jpg']"", ""['https://materiuum.ch/wp-content/uploads/2022/10/2103-1362-b-82.jpg', 'https://materiuum.ch/wp-content/uploads/2022/10/2103-1362-a-82.jpg', 'https://materiuum.ch/wp-content/uploads/2022/10/2103-1362-b-83.jpg']"", ""['https://materiuum.ch/wp-content/uploads/2022/10/2103-1350-a-82.jpg']"", '2812_2_570x570.jpg', '2811_2_570x570.jpg', ""['https://materiuum.ch/wp-content/uploads/2023/02/2302-5955-a-600x338.jpg', 'https://materiuum.ch/wp-content/uploads/2023/02/2302-5955-b-600x338.jpg', 'https://materiuum.ch/wp-content/uploads/2023/02/2302-5955-c.jpg']"", ""['https://materiuum.ch/wp-content/uploads/2023/02/2302-5721-a-600x800.jpg']"", ""['https://materiuum.ch/wp-content/uploads/2023/02/2302-5715-a-600x800.jpg']"", nan, ""['https://materiuum.ch/wp-content/uploads/2023/04/2302-5725-a-600x450.jpg', 'https://materiuum.ch/wp-content/uploads/2023/04/2302-5725-b-600x800.jpg', 'https://materiuum.ch/wp-content/uploads/2023/04/2302-5725-c-600x800.jpg']"", ""['https://materiuum.ch/wp-content/uploads/2023/04/2302-5808-a-600x450.jpg', 'https://materiuum.ch/wp-content/uploads/2023/04/2302-5808-b-600x800.jpg', 'https://materiuum.ch/wp-content/uploads/2023/04/2302-5808-c-600x800.jpg']"", ""['https://materiuum.ch/wp-content/uploads/2023/04/2302-5782-a-600x450.jpg', 'https://materiuum.ch/wp-content/uploads/2023/04/2302-5782-b-600x800.jpg', 'https://materiuum.ch/wp-content/uploads/2023/04/2302-5782-c-600x800.jpg']"", 'wohnunggotthelfstrasse001_570x570.jpg', nan, ""['https://materiuum.ch/wp-content/uploads/2023/04/2302-5777-a-600x450.jpg', 'https://materiuum.ch/wp-content/uploads/2023/04/2302-5777-b-600x800.jpg', 'https://materiuum.ch/wp-content/uploads/2023/04/2302-5777-c-600x800.jpg']"", ""['https://materiuum.ch/wp-content/uploads/2023/04/2302-5800-a-600x450.jpg', 'https://materiuum.ch/wp-content/uploads/2023/04/2302-5800-b-600x800.jpg', 'https://materiuum.ch/wp-content/uploads/2023/04/2302-5800-c-600x800.jpg']"", 'img_9731_%283%29_570x570.jpg', 'img_9731_%281%29_570x570.jpg', 'bauteil302hygienetr_570x570.jpg', 'bauteil301hygienetr_570x570.jpg', '20230812_111349_570x570.jpg']",49.0,5.0,54.0
81,Kitchenette units,Pr_20_65_50_46,70.27272727272727,11,Pr_20_65,Pr_20_65,Prefabricated buildings and structures,"[nan, nan, '20170314_125602_570x570.jpg', nan, 'whatsappimage2022-09-17at200511_570x570.jpg', 'whatsappimage2022-09-17at200511_%282%29_570x570.jpg', 'img_1333_%281%29_570x570.jpg', 'img_4880_570x570.jpg', ""['https://materiuum.ch/wp-content/uploads/2022/12/2210-5195-a-11-600x450.jpg', 'https://materiuum.ch/wp-content/uploads/2022/12/2210-5195-b-11-600x800.jpg', 'https://materiuum.ch/wp-content/uploads/2022/12/2210-5195-c-11-600x800.jpg']"", ""['https://materiuum.ch/wp-content/uploads/2022/12/2210-5198-a-11-600x450.jpg', 'https://materiuum.ch/wp-content/uploads/2022/12/2210-5198-b-11-600x450.jpg', 'https://materiuum.ch/wp-content/uploads/2022/12/2210-5198-c-11-600x800.jpg']"", nan, ""['https://materiuum.ch/wp-content/uploads/2023/02/2201-3030-a-1-600x450.jpg', 'https://materiuum.ch/wp-content/uploads/2023/02/2201-3030-b-1-600x800.jpg']"", '01859f1d-513d-445a-92cf-c418303c72fd_570x570.jpg', '01859f1d-513d-445a-92cf-c418303c72fd_570x570.jpg', 'kche_%286%29_570x570.jpg', '20220906_165050_570x570.jpg']",19.0,39.0,58.0
285,Fishwashers,Pr_20_29_70_32,54.6,10,Pr_20_29,Pr_20_29,Fastener products,"['2775_3_570x570.jpg', '2739_1_570x570.jpg', '2849-2_570x570.jpg', '2865-3_570x570.jpg', '2866-2_570x570.jpg', '2960-2_570x570.jpg', '2928-2_570x570.jpg', '2023-03-2613_51_41-window_570x570.png', '20230406_131959_570x570.jpg', '112175_570x570.jpg', 'geschirrspler_%281%29_570x570.jpg']",14.0,44.0,58.0
124,Wood window walls,Pr_30_59_99_96,98.625,16,Pr_30_59,Pr_30_59,Openings and opening component products,"[nan, 'fensterlanden-haus2_570x570.jpg', '_dsc7563_570x570.jpg', 'rl-doppelfenster_570x570.jpg', '111379_570x570.jpg', '110668_570x570.jpg', '111886_570x570.jpg', '2446_570x570.jpg', '20221128_110035_570x570.jpg', '20221128_110035_%281%29_570x570.jpg', '2827_1_570x570.jpg', '2839_1_570x570.jpg', '2834_1_570x570.jpg', '2836_1_570x570.jpg', '112551_570x570.jpg', '112555_570x570.jpg', 'img_20230309_135246_570x570.jpg', '20230525_060949_570x570.jpg', 'festvglimage-1_570x570.jpg']",34.0,24.0,58.0
359,Murals,Pr_40_50_05_55,6.571428571428571,7,Pr_40_50,Pr_40_50,Furnishings,"[""['https://materiuum.ch/wp-content/uploads/2022/12/2209-4941-a-9-600x800.jpg', 'https://materiuum.ch/wp-content/uploads/2022/12/2209-4941-b-9-600x800.jpg', 'https://materiuum.ch/wp-content/uploads/2022/12/2209-4941-c-9-600x800.jpg']"", ""['https://materiuum.ch/wp-content/uploads/2022/11/2208-4769-a-2-600x450.jpg', 'https://materiuum.ch/wp-content/uploads/2022/11/2208-4769-b-2.jpg', 'https://materiuum.ch/wp-content/uploads/2022/11/2208-4769-c-2.jpg']"", ""['https://materiuum.ch/wp-content/uploads/2022/11/2208-4813-a-2-600x450.jpg', 'https://materiuum.ch/wp-content/uploads/2022/11/2208-4813-b-2.jpg', 'https://materiuum.ch/wp-content/uploads/2022/11/2208-4813-c-2.jpg']"", ""['https://materiuum.ch/wp-content/uploads/2022/11/2208-4814-a-600x450.jpg', 'https://materiuum.ch/wp-content/uploads/2022/11/2208-4814-b.jpg', 'https://materiuum.ch/wp-content/uploads/2022/11/2208-4814-c.jpg']"", ""['https://materiuum.ch/wp-content/uploads/2023/04/2302-5752-a-600x450.jpg', 'https://materiuum.ch/wp-content/uploads/2023/04/2302-5752-b-600x800.jpg', 'https://materiuum.ch/wp-content/uploads/2023/04/2302-5752-c-600x800.jpg']"", ""['https://materiuum.ch/wp-content/uploads/2023/04/2302-5756-a-600x450.jpg', 'https://materiuum.ch/wp-content/uploads/2023/04/2302-5756-b-600x800.jpg', 'https://materiuum.ch/wp-content/uploads/2023/04/2302-5756-c-600x800.jpg']"", ""['https://materiuum.ch/wp-content/uploads/2023/04/2302-5735-a-600x450.jpg', 'https://materiuum.ch/wp-content/uploads/2023/04/2302-5735-b-600x800.jpg', 'https://materiuum.ch/wp-content/uploads/2023/04/2302-5735-c-600x800.jpg']""]",1.0,58.0,59.0
127,quay,IfcMarineFacility.QUAY,108.21052631578948,19,IfcMarineFacility.QUAY,,,"[nan, '28.04.2016-023_570x570.jpg', '02.06.2017-011_570x570.jpg', '02.06.2017-008_570x570.jpg', 'wcc_570x570.png', '109296_1_570x570.jpg', 'kkkk_570x570.jpg', '110855_570x570.jpg', '109851_1_570x570.jpg', '109954_1_570x570.jpg', '109973_1_570x570.jpg', '111883_570x570.jpg', '108705_1_570x570.jpg', '112317_570x570.jpg', '106327_1_570x570.jpg', '111958_570x570.jpg', 'chaudirewolf_570x570.jpg', '20170509_104743_570x570.jpg', '112148_570x570.jpg', '20170509_104743_570x570.jpg', '112148_570x570.jpg']",40.0,20.0,60.0
77,Ceramic slates,Pr_25_93_72_11,111.18181818181819,22,Pr_25_93,Pr_25_93,Unit skin products,"['20220714_182104_570x570.jpg', 'theke_1_570x570.jpg', '2494_1_570x570.jpg', nan, '107247_1_570x570.jpg', 'naturmuseum_sg1_570x570.jpg', '107947_1_570x570.jpg', '108018_1_570x570.jpg', '108209_1_570x570.jpg', '108236_1_570x570.jpg', '107953_1_570x570.jpg', '111752_570x570.jpg', '111282_570x570.jpg', '111265_570x570.jpg', '111753_570x570.jpg', '107221_1_570x570.jpg', '108212_1_570x570.jpg', '_dsc9583_570x570.jpg', '111965_570x570.jpg', ""['https://materiuum.ch/wp-content/uploads/2023/04/2302-5815-a-600x450.jpg']"", ""['https://materiuum.ch/wp-content/uploads/2023/04/2302-5791-a-600x450.jpg']"", '112177_570x570.jpg', '112177_570x570.jpg']",45.0,15.0,60.0
60,sprinkler,IfcFireSuppressionTerminal.SPRINKLER,22.428571428571427,7,IfcFireSuppressionTerminal.SPRINKLER,,,"[nan, '111919_570x570.jpg', '111920_570x570.jpg', '2964_5_570x570.jpg', '2964_5_570x570.jpg', 'ausgebaut-kopie_570x570.jpg', '112529_570x570.jpg', '112529_570x570.jpg']",5.0,58.0,63.0
20,staple,IfcMechanicalFastener.STAPLE,133.54237288135593,59,IfcMechanicalFastener.STAPLE,,,"['20201006_120047_570x570.jpg', '224092_570x570.jpg', '2551_570x570.jpg', '99bdf26c-36bc-475a-9151-3f2f2bd6d0a3_570x570.jpeg', '2646_570x570.jpg', '2680_570x570.jpg', '20180609_134938_570x570.jpg', nan, '20220313_101633_%281%29_570x570.jpg', 'sam_7651_570x570.jpg', 'front2_570x570.jpg', 'img_0452_570x570.jpg', 'img_7338_570x570.jpg', 'img_570x570.jpg', nan, '59caa3bb-1876-45bc-ad4b-e95bf45c0127_570x570.png', '111481_570x570.jpg', '20150608_115902a_570x570.jpg', '2064_570x570.jpg', '20210126_171839_570x570.jpg', '2688_570x570.jpg', nan, 'fb5a7a38-64e5-4814-889a-ca9bcf12ee27_%281%29_570x570.jpg', '20190401_083116_%281%29_570x570.jpg', '18.07.2012-014_570x570.jpg', '102944_1_570x570.jpg', '107177_1_570x570.jpg', '112299_570x570.jpg', '108112_1_570x570.jpg', '111176_570x570.jpg', '1_%2884%29_570x570.jpg', '111278_570x570.jpg', '110060_1_570x570.jpg', '111221_570x570.jpg', '20180222_155614_570x570.jpg', '111437_570x570.jpg', '30.09.2015-008_570x570.jpg', '103415_570x570.jpg', '20220603_131110-kopie_570x570.jpg', ""['https://materiuum.ch/wp-content/uploads/2022/12/2211-5434-a-600x450.jpg', 'https://materiuum.ch/wp-content/uploads/2022/12/2211-5434-b.jpg', 'https://materiuum.ch/wp-content/uploads/2022/12/2211-5434-c.jpg']"", ""['https://materiuum.ch/wp-content/uploads/2022/11/2009-481-a-600x800.jpg', 'https://materiuum.ch/wp-content/uploads/2022/11/2009-481-b-600x800.jpg', 'https://materiuum.ch/wp-content/uploads/2022/11/2009-481-c-600x450.jpg']"", '111955_570x570.jpg', '20230213_092454_570x570.jpg', 'f3_570x570.jpg', '111914_570x570.jpg', '109337_570x570.jpg', '109332_570x570.jpg', '_dsc0336_570x570.jpg', '112107_570x570.jpg', 'img_9251_570x570.jpg', ""['https://materiuum.ch/wp-content/uploads/2023/03/2211-5434-a-5-600x450.jpg', 'https://materiuum.ch/wp-content/uploads/2023/03/2211-5434-b-5.jpg', 'https://materiuum.ch/wp-content/uploads/2023/03/2211-5434-c-5.jpg']"", ""['https://materiuum.ch/wp-content/uploads/2023/03/2009-481-a-3-600x800.jpg', 'https://materiuum.ch/wp-content/uploads/2023/03/2009-481-b-3-600x800.jpg', 'https://materiuum.ch/wp-content/uploads/2023/03/2009-481-c-3-600x450.jpg']"", 'img_4088_570x570.jpg', ""['https://materiuum.ch/wp-content/uploads/2023/04/2302-5754-a-600x450.jpg', 'https://materiuum.ch/wp-content/uploads/2023/04/2302-5754-b-600x800.jpg', 'https://materiuum.ch/wp-content/uploads/2023/04/2302-5754-c-600x800.jpg']"", ""['https://materiuum.ch/wp-content/uploads/2023/04/2302-5802-a-600x450.jpg', 'https://materiuum.ch/wp-content/uploads/2023/04/2302-5802-b-600x800.jpg']"", ""['https://materiuum.ch/wp-content/uploads/2023/04/2302-5775-a-600x450.jpg', 'https://materiuum.ch/wp-content/uploads/2023/04/2302-5775-b-600x800.jpg', 'https://materiuum.ch/wp-content/uploads/2023/04/2302-5775-c-600x800.jpg']"", 'img_20230518_172929_570x570.jpg', 'moderna_570x570.png', 'img_8144_570x570.jpg', '997e6a25-2cc6-4c5e-88e5-9da95909c643_570x570.jpg', 'img_20230518_172929_570x570.jpg', '3048-2_570x570.jpg', 'moderna_570x570.png', 'img_8144_570x570.jpg', '997e6a25-2cc6-4c5e-88e5-9da95909c643_570x570.jpg', '1_%28448%29_570x570.jpg', '3049-2_570x570.jpg', 'bild2_%281%29_570x570.jpg', 'img_2314_570x570.jpg', 'img_1230_570x570.jpg', 'schiebetrschrank_570x570.jpg']",63.0,3.0,66.0
66,Glass fins,Pr_25_71_33_34,118.4090909090909,22,Pr_25_71,Pr_25_71,"Rigid board, panel, sheet and sectional products","[nan, '20200707_175013_570x570.jpg', '20181212_102133_570x570.jpg', '20211001_082455_570x570.jpg', '20220303_101211_570x570.jpg', '20200323_153458_570x570.jpg', '20210831_163219_570x570.jpg', '20170225_114053_570x570.jpg', '20.03.2014-024a_570x570.jpg', '106657_570x570.jpg', '111847_570x570.jpg', '20150626_161610a_570x570.jpg', '110112_1_570x570.jpg', '111998_570x570.jpg', '2808_2_570x570.jpg', 'img20221013074751_570x570.jpg', '2809_2_570x570.jpg', '20230227_145935_570x570.jpg', 'porte1_570x570.jpg', '20230116_142247_570x570.jpg', '112172_570x570.jpg', '112173_570x570.jpg', '113334_570x570.jpg', '113333_570x570.jpg', '113332_570x570.jpg']",52.0,15.0,67.0
341,Double window steam sight glasses,Pr_65_52_34_24,99.15384615384616,13,Pr_65_52,Pr_65_52,"Pipe, tube and fitting products","['2802_1_570x570.jpg', '2797_2_570x570.jpg', '2789_2_570x570.jpg', '2790_2_570x570.jpg', '2792_2_570x570.jpg', '2794_2_%281%29_570x570.jpg', '2791_2_570x570.jpg', '2795_2_570x570.jpg', '2799_2_570x570.jpg', '2798_2_570x570.jpg', '2806_2_570x570.jpg', '2876-2_570x570.jpg', '2875-2_570x570.jpg']",36.0,31.0,67.0
137,Glass brise-soleil louvre blades,Pr_30_59_09_33,69.22222222222223,9,Pr_30_59,Pr_30_59,Openings and opening component products,"[nan, '20210614_152413a_570x570.jpg', '20220531_153840_570x570.jpg', '20230116_142247_570x570.jpg', 'img-20221219-wa0038-kopie_570x570.jpg', '112048_570x570.jpg', '1128c19e-daf5-49e1-a14f-eca75c7e7b4e_%281%29_570x570.jpg', '_dsc0652_570x570.jpg', 'img_4277_570x570.jpg', 'img_4277_570x570.jpg']",18.0,49.0,67.0
87,chute conveyor,IfcConveyorSegment.CHUTECONVEYOR,104.85714285714286,14,IfcConveyorSegment.CHUTECONVEYOR,,,"['wc1_570x570.png', '20181015_115511_570x570.jpg', '1a_570x570.jpg', 'whatsapp-image-2022-03-01-at-17.22.05_570x570.jpeg', '20181026_150642_570x570.jpg', '1_%28325%29_570x570.jpg', 'hintergrund-horizontal-neu_%285%29_570x570.png', '1_%28326%29_570x570.jpg', '1_%28329%29_570x570.jpg', '_dsc0059_570x570.jpg', '_dsc0027_570x570.jpg', '112098_570x570.jpg', '_dsc0352_570x570.jpg', '1_%28389%29_570x570.jpg']",38.0,29.0,67.0
150,table,IfcFurniture.TABLE,43.142857142857146,7,IfcFurniture.TABLE,,,"['2685_1_570x570.jpg', ""['https://materiuum.ch/wp-content/uploads/2022/11/2209-4957-a-1-600x450.jpg', 'https://materiuum.ch/wp-content/uploads/2022/11/2209-4957-b-2-600x800.jpg', 'https://materiuum.ch/wp-content/uploads/2022/11/2209-4957-c-2-600x800.jpg']"", ""['https://materiuum.ch/wp-content/uploads/2022/11/2211-5408-a-600x800.jpg', 'https://materiuum.ch/wp-content/uploads/2022/11/2211-5408-b-600x800.jpg']"", ""['https://materiuum.ch/wp-content/uploads/2022/10/2203-3845-b-80-600x450.jpg', 'https://materiuum.ch/wp-content/uploads/2022/10/2203-3845-a-80-600x450.jpg', 'https://materiuum.ch/wp-content/uploads/2022/10/2203-3845-b-81-600x450.jpg']"", ""['https://materiuum.ch/wp-content/uploads/2023/04/2302-5749-a-600x450.jpg', 'https://materiuum.ch/wp-content/uploads/2023/04/2302-5749-b-600x800.jpg', 'https://materiuum.ch/wp-content/uploads/2023/04/2302-5749-c-600x800.jpg']"", ""['https://materiuum.ch/wp-content/uploads/2023/04/2302-5745-a-600x450.jpg', 'https://materiuum.ch/wp-content/uploads/2023/04/2302-5745-b-600x800.jpg']"", ""['https://materiuum.ch/wp-content/uploads/2023/04/2302-5762-a-600x450.jpg', 'https://materiuum.ch/wp-content/uploads/2023/04/2302-5762-b-600x450.jpg']"", '113961_570x570.jpg', '113962_570x570.jpg', '113314_570x570.jpg']",11.0,58.0,69.0
2,Radiators,Pr_70_60_36_73,150.8490566037736,53,Pr_70_60,Pr_70_60,Space heating and cooling products,"['1_%2812%29_570x570.png', 'unbenannt_%289%29_570x570.jpg', '20200610_171550_570x570.jpg', '1_%28104%29_570x570.jpg', '1a_570x570.png', '1_%28126%29_570x570.jpg', '1_%2823%29_570x570.png', '1_%2822%29_570x570.png', '1_%2818%29_570x570.png', 'sam_5275_570x570.jpg', '1.1_%283%29_570x570.jpg', nan, 'dsc00970_570x570.jpg', 'dsc00970_%281%29_570x570.jpg', 'dsc00970_%282%29_570x570.jpg', '20211006_151018_570x570.jpg', '20220518_161846_570x570.jpg', '2_%28148%29_570x570.jpg', '1_%28185%29_570x570.jpg', '1_%286%29_570x570.png', 'img_6271_570x570.jpg', '1_%28125%29_570x570.jpg', '1_%28231%29_570x570.jpg', '1_%28232%29_570x570.jpg', 'img_20220824_1059590_570x570.jpg', 'img_20220824_1103374_570x570.jpg', 'img_20220824_1110328_570x570.jpg', 'img_20220824_1108439_570x570.jpg', 'img_20220824_1111564_570x570.jpg', 'img_20220824_1118273_570x570.jpg', 'img_20220824_1114362_570x570.jpg', 'img_20220824_1124254_570x570.jpg', '1_%28275%29_570x570.jpg', '111344_570x570.jpg', '1_%28238%29_570x570.jpg', '1_%28237%29_570x570.jpg', '1_%28236%29_570x570.jpg', 'img_8995_570x570.jpg', '1_%28235%29_570x570.jpg', '1_%28234%29_570x570.jpg', '1_%28274%29_570x570.jpg', '1_%28276%29_570x570.jpg', '20220810_111407-kopiert_570x570.jpg', ""['https://materiuum.ch/wp-content/uploads/2023/01/2212-5458-a-600x450.jpg', 'https://materiuum.ch/wp-content/uploads/2023/01/2212-5458-b-600x800.jpg', 'https://materiuum.ch/wp-content/uploads/2023/01/2212-5458-c-600x800.jpg']"", ""['https://materiuum.ch/wp-content/uploads/2022/12/2208-4721-a-600x450.jpg', 'https://materiuum.ch/wp-content/uploads/2022/12/2208-4721-b.jpg', 'https://materiuum.ch/wp-content/uploads/2022/12/2208-4721-c.jpg']"", ""['https://materiuum.ch/wp-content/uploads/2022/11/2208-4808-a-2-600x450.jpg', 'https://materiuum.ch/wp-content/uploads/2022/11/2208-4808-b-2.jpg', 'https://materiuum.ch/wp-content/uploads/2022/11/2208-4808-c-2.jpg']"", ""['https://materiuum.ch/wp-content/uploads/2022/10/2112-2788-b-81-600x800.jpg', 'https://materiuum.ch/wp-content/uploads/2022/10/2112-2788-a-81-600x450.jpg', 'https://materiuum.ch/wp-content/uploads/2022/10/2112-2788-b-82-600x800.jpg']"", 'e1c5d632-2580-447e-8d2b-2a722afc609e_570x570.jpg', '112113_570x570.jpg', '1_%28381%29_570x570.jpg', '1_%28383%29_570x570.jpg', '1_%28401%29_570x570.jpg', '1_%28400%29_570x570.jpg', 'radiator2_%281%29_570x570.jpg', '1_%28401%29_570x570.jpg', '1_%28400%29_570x570.jpg']",68.0,4.0,72.0
108,Refrigerators,Pr_40_70_26_72,18.166666666666668,6,Pr_40_70,Pr_40_70,Equipment,"[nan, '2819_2_570x570.jpg', '112387_570x570.jpg', '112561_570x570.jpg', '113503_570x570.jpg', '3027-2_570x570.jpg', 'ks_vorne_570x570.jpg']",3.0,69.0,72.0
61,Metal sways,Pr_20_29_87_52,88.3,10,Pr_20_29,Pr_20_29,Fastener products,"['dsc00365_570x570.jpg', nan, '20200701_110117_570x570.jpg', '111259_570x570.jpg', '123_%281%29_570x570.jpg', ""['https://materiuum.ch/wp-content/uploads/2022/12/2212-5438-a-600x450.jpg']"", ""['https://materiuum.ch/wp-content/uploads/2023/01/2301-5562-a-600x800.jpg', 'https://materiuum.ch/wp-content/uploads/2023/01/2301-5562-b-600x800.jpg']"", ""['https://materiuum.ch/wp-content/uploads/2023/01/2209-5005-a-600x450.jpg', 'https://materiuum.ch/wp-content/uploads/2023/01/2209-5005-b.jpg', 'https://materiuum.ch/wp-content/uploads/2023/01/2209-5005-c.jpg']"", ""['https://materiuum.ch/wp-content/uploads/2023/04/2304-6327-a-600x450.jpg', 'https://materiuum.ch/wp-content/uploads/2023/04/2304-6327-b-600x800.jpg', 'https://materiuum.ch/wp-content/uploads/2023/04/2304-6327-c-600x800.jpg']"", ""['https://materiuum.ch/wp-content/uploads/2023/04/2302-5789-a-600x450.jpg', 'https://materiuum.ch/wp-content/uploads/2023/04/2302-5789-b-600x800.jpg', 'https://materiuum.ch/wp-content/uploads/2023/04/2302-5789-c-600x800.jpg']"", 'img_4545_570x570.jpg']",29.0,44.0,73.0
205,electric  appliance,IfcElectricAppliance,109.07692307692308,13,IfcElectricAppliance,,,"['img_20220607_0835191_570x570.jpg', '2315_1_570x570.jpg', '2573_1_570x570.jpg', '20200518_113742_570x570.jpg', '20190319_171002_1_570x570.jpg', '2574_1_570x570.jpg', '1_%28240%29_570x570.jpg', '1_%28300%29_570x570.jpg', '2766_2_570x570.jpg', '2957_1_570x570.jpg', '112035_570x570.jpg', '2925-2_570x570.jpg', '2988-2_570x570.jpg', '112185_570x570.jpg', '113104_570x570.jpg', '3083-4_570x570.jpg', '_dsc0113_570x570.jpg', '1_%28527%29_570x570.jpg', 'einbauksoffen1_570x570.jpg']",43.0,31.0,74.0
31,Pendant luminaires,Pr_70_70_48_62,141.58695652173913,46,Pr_70_70,Pr_70_70,Power and lighting outlet products,"['img_2282-%282%29_570x570.jpg', '20200309_091505_570x570.jpg', 'dsc00789_570x570.jpg', nan, '1_%28120%29_570x570.jpg', '20180612_141635_570x570.jpg', 'hintergrund-mit-text_570x570.png', nan, 'lampe_570x570.png', '5bac5ebe-55e2-48a3-83b2-b7ded158af62_570x570.jpeg', '20180927_160938_570x570.jpg', 'hintergrund-horizontal-neu_%2810%29_570x570.jpg', '112237_570x570.jpg', 'img_20220824_0944343_570x570.jpg', '112398_570x570.jpg', '112240_570x570.jpg', '111665_570x570.jpg', '107896_1_570x570.jpg', '111871_570x570.jpg', '110103_1_570x570.jpg', '111402_570x570.jpg', '111846_570x570.jpg', '20170928_112338_570x570.jpg', '20210521_090859_570x570.jpg', '20170906_142029_570x570.jpg', '20170906_142949_570x570.jpg', '20170906_143816_570x570.jpg', '20170904_135756_570x570.jpg', '20170105_170439_570x570.jpg', '123a_%281%29_570x570.jpg', '20161214_141938_570x570.jpg', 'img_6915a_570x570.jpg', '21.07.2010-046_570x570.jpg', '112344_570x570.jpg', '112413_570x570.jpg', '16022011005_570x570.jpg', '112032_570x570.jpg', '112094_2_570x570.jpg', '112102_570x570.jpg', '112093_570x570.jpg', '111281_570x570.jpg', '112092_570x570.jpg', '1_21_570x570.jpg', ""['https://materiuum.ch/wp-content/uploads/2023/04/2302-5748-a-600x450.jpg', 'https://materiuum.ch/wp-content/uploads/2023/04/2302-5748-b-600x800.jpg', 'https://materiuum.ch/wp-content/uploads/2023/04/2302-5748-c-600x800.jpg']"", '20230410_120751_570x570.jpg', 'image_%2810%29_570x570.jpg', '04.12.09-024_570x570.jpg', 'image_%2810%29_570x570.jpg', '3098-2_570x570.jpg']",66.0,8.0,74.0
99,Wood brise-soleil louvre blades,Pr_30_59_09_91,84.44444444444444,9,Pr_30_59,Pr_30_59,Openings and opening component products,"['hauptbild-kuche_570x570.jpg', nan, 'img_20220824_1044543_570x570.jpg', 'img_20220824_1044543_%281%29_570x570.jpg', 'img_20220824_1044543_%282%29_570x570.jpg', 'img_20220824_1050541_570x570.jpg', 'img_20220824_1044543_%283%29_570x570.jpg', 'img_20220824_1050541_%281%29_570x570.jpg', 'img_20220824_1126002_%282%29_570x570.jpg']",27.0,49.0,76.0
112,Vanity and washroom furniture,Pr_40_20_76_95,88.11111111111111,9,Pr_40_20,Pr_40_20,Sanitary fittings and accessories,"[nan, nan, 'img_9797_570x570.jpg', 'loosli-unterbaumobel-grafik_570x570.jpg', '111690_570x570.jpg', 'doppelwaschtisch_570x570.jpg', 'waschtisch_570x570.jpg', '2880-2_%281%29_570x570.jpg', '20230312_bad_570x570.jpg', 'badezimmermobelfoto_570x570.jpg']",28.0,49.0,77.0
119,steam,IfcBoiler.STEAM,81.71428571428571,7,IfcBoiler.STEAM,,,"[nan, '110993_570x570.jpg', 'dsc02967_570x570.jpg', '_dsc9624_570x570.jpg', 'screenshot2023-01-25162619_570x570.png', '2859_4_%281%29_570x570.jpg', '3017-2_570x570.jpg', '3017-2_570x570.jpg', 'front_%2817%29_570x570.jpg', 'front_%2812%29_570x570.jpg']",22.0,58.0,80.0
42,Catering refrigerators,Pr_40_70_31_12,108.9090909090909,11,Pr_40_70,Pr_40_70,Equipment,"['2694_1_570x570.jpg', nan, nan, 'img_11211_570x570.jpg', 'img_0678_570x570.jpg', '2699_1_570x570.jpg', '2459_570x570.jpg', '112242_570x570.jpg', '1_%28306%29_570x570.jpg', '2692_1_570x570.jpg', '2404_1_570x570.jpg', '112569_2_%281%29_570x570.jpg', 'bauteil411gastrokhlschrnke_570x570.jpg', 'dalmec_freezer_16_570x570.jpg', 'gefrierschrank11_570x570.jpg']",42.0,39.0,81.0
27,Bidets,Pr_40_20_06_11,161.87179487179486,39,Pr_40_20,Pr_40_20,Sanitary fittings and accessories,"['20190802_103209_570x570.jpg', nan, nan, '2601_1_570x570.jpg', 'unbenannt-3_%281%29_570x570.jpg', 'unbenannt-1_%283%29_570x570.jpg', 'hauptbild_%281%29_570x570.jpg', '1_%28128%29_570x570.jpg', 'img_20220607_0836118_570x570.jpg', '2615_570x570.jpg', 'img_5502_570x570.jpg', '2cf75836-0a99-42dd-a723-c196be39220a_570x570.jpeg', 'img-20200605-wa0001_570x570.jpg', '2590_1_570x570.jpg', 'lavabo-%28002%29_570x570.png', '125a_570x570.jpg', '20.08.2014-017_570x570.jpg', '20161122_111635_570x570.jpg', '111661_570x570.jpg', '109953_1_570x570.jpg', '109437_1_570x570.jpg', '91680_1_570x570.jpg', '91683_1_570x570.jpg', '108718_1_570x570.jpg', '111491_570x570.jpg', '106911_1_570x570.jpg', '111912_570x570.jpg', '111913_570x570.jpg', '111477_570x570.jpg', '_dsc9752_570x570.jpg', '91699_570x570.jpg', '112560_570x570.jpg', '112001_570x570.jpg', '111957_570x570.jpg', ""['https://materiuum.ch/wp-content/uploads/2023/01/2209-5055-a-600x450.jpg', 'https://materiuum.ch/wp-content/uploads/2023/01/2209-5055-b.jpg']"", '112103_570x570.jpg', '_dsc0363_570x570.jpg', '112096_570x570.jpg', 'image_%2813%29_570x570.jpg', 'image_%2813%29_570x570.jpg', '113335_570x570.jpg']",71.0,10.0,81.0
123,Plastics window films,Pr_25_57_51_60,82.0,7,Pr_25_57,Pr_25_57,"Non-rigid sheet, mat and strip skin products","[nan, '01.02.2017-015_570x570.jpg', '09.06.2016-015_570x570.jpg', '2592_1_570x570.jpg', '20170404_132143_570x570.jpg', 'imag6792-20200914-203332203_570x570.jpg', '20230323_112239_570x570.jpg', 'bildschirmfoto2023-07-14um203100_570x570.png']",23.0,58.0,81.0
178,shower,IfcSanitaryTerminal.SHOWER,120.28571428571429,14,IfcSanitaryTerminal.SHOWER,,,"['20180710_165943_570x570.jpg', 'sam_8834_570x570.jpg', '20200709_104212_570x570.jpg', '111515_570x570.jpg', '18.08.2011-019_570x570.jpg', '20180626_131327_570x570.jpg', '112243_570x570.jpg', ""['https://materiuum.ch/wp-content/uploads/2022/12/2212-5506-a-600x800.jpg']"", '111991_570x570.jpg', '2893-2_570x570.jpg', '20210129_1302533_570x570.jpg', '112087_570x570.jpg', ""['https://materiuum.ch/wp-content/uploads/2023/02/2202-3436-a-1-600x450.jpg', 'https://materiuum.ch/wp-content/uploads/2023/02/2202-3436-b-1-600x800.jpg']"", '112062_570x570.jpg', '113251_%282%29_570x570.jpg', '113246_570x570.jpg', '113247_570x570.jpg', '113251_%281%29_570x570.jpg', '113251_570x570.jpg', '113750_570x570.jpg', 'tuyau_570x570.jpg', 'image_%2876%29_570x570.jpg']",53.0,29.0,82.0
93,finned,IfcTubeBundle.FINNED,83.14285714285714,7,IfcTubeBundle.FINNED,,,"[nan, '20190716_162630_570x570.jpg', 'img_0406_570x570.jpg', '20170915_142434_570x570.jpg', ""['https://materiuum.ch/wp-content/uploads/2022/12/2212-5510-a-600x800.jpg']"", ""['https://materiuum.ch/wp-content/uploads/2023/02/2202-3364-a-600x450.jpg', 'https://materiuum.ch/wp-content/uploads/2023/02/2202-3364-b-600x800.jpg', 'https://materiuum.ch/wp-content/uploads/2023/02/2202-3364-c.jpg']"", 'steamer_%281%29_570x570.png', '112781_570x570.png', 'hngeregisterschrank_570x570.jpg']",24.0,58.0,82.0
6,Sprigs,Pr_20_29_56_82,149.95454545454547,22,Pr_20_29,Pr_20_29,Fastener products,"['1_%28105%29_570x570.jpg', 'sam_8367_570x570.jpg', '20200923_140816_570x570.jpg', '20180823_102530_570x570.jpg', 'dsc_0153_570x570.jpg', '20200506_090256_570x570.jpg', '20180829_143804_%281%29_570x570.jpg', '2357_1_570x570.jpg', '20220215_145831_%281%29_570x570.jpg', '110144_1_570x570.jpg', '20170202_182552_002_570x570.jpg', '15.07.2009-001_570x570.jpg', '20180125_105749_%281%29_570x570.jpg', 'img_4496_570x570.jpg', ""['https://materiuum.ch/wp-content/uploads/2022/12/2206-4299-a-1.jpg']"", '112357_570x570.jpg', 'img_5283_570x570.jpg', '112027_570x570.jpg', ""['https://materiuum.ch/wp-content/uploads/2023/02/2202-3463-a-600x450.jpg', 'https://materiuum.ch/wp-content/uploads/2023/02/2202-3463-b-600x800.jpg', 'https://materiuum.ch/wp-content/uploads/2023/02/2202-3463-c-600x800.jpg']"", '112203_570x570.jpg', '113491_570x570.jpg', '112204_570x570.jpg', '20230124_122612354_ios_570x570.jpg', '113328_570x570.jpg']",67.0,15.0,82.0
4,window,IfcWindow,136.75,20,IfcWindow,,,"[nan, nan, nan, nan, nan, 'sam_9052_570x570.jpg', 'sam_8839_570x570.jpg', 'sam_8854_%282%29_570x570.jpg', '2c26b32c-108d-40ed-b888-743562b50919_570x570.jpeg', 'sam_8839_%282%29_570x570.jpg', '20211201_093921_570x570.jpg', 'veka_570x570.jpg', '20200415_135058_570x570.jpg', '20220621_135141_570x570.jpg', 'img_20220824_0950493_570x570.jpg', 'img_20220824_0950493_%281%29_570x570.jpg', '111380_570x570.jpg', '1124112_570x570.jpg', '8e8e8c7a-b9db-48ad-9092-37e4225a1519_570x570.jpg', nan, 'img_0156_570x570.jpg', '1_%28511%29_570x570.jpg']",64.0,19.0,83.0
266,Dovecotes,Pr_40_30_04_25,83.71428571428571,7,Pr_40_30,Pr_40_30,Fittings,"['26.08.2011-006_570x570.jpg', '112356_570x570.jpg', '112416_570x570.jpg', '_dsc9846_570x570.jpg', nan, '112067_570x570.jpg', '20230427_101428_570x570.jpg', '20190626_100155_570x570.jpg', nan, '112783_570x570.png']",26.0,58.0,84.0
228,diverting,IfcValve.DIVERTING,114.66666666666667,12,IfcValve.DIVERTING,,,"['2703_3_570x570.jpg', '20171002_103426_570x570.jpg', '110903_570x570.jpg', '111044_570x570.jpg', '111045_570x570.jpg', '112316_570x570.jpg', '112261_570x570.jpg', 'ggg_570x570.png', '102858_1_570x570.jpg', '103138_1_570x570.jpg', '112559_570x570.jpg', ""['https://materiuum.ch/wp-content/uploads/2023/04/2302-5774-a-600x450.jpg', 'https://materiuum.ch/wp-content/uploads/2023/04/2302-5774-b.jpg', 'https://materiuum.ch/wp-content/uploads/2023/04/2302-5774-c.jpg']"", nan]",50.0,35.0,85.0
88,WC pans,Pr_40_20_93_94,121.38461538461539,13,Pr_40_20,Pr_40_20,Sanitary fittings and accessories,"['dsc00993_570x570.jpg', 'unbenannt-4_570x570.jpg', '1_%2859%29_570x570.jpg', 'hintergrund-horizontal-neu_%287%29_570x570.png', '1804_570x570.jpg', '2704_2_570x570.jpg', '20191209_142155_570x570.jpg', '111890_570x570.jpg', '20220523_142640-kopie_570x570.jpg', ""['https://materiuum.ch/wp-content/uploads/2023/01/2212-5453-a-600x450.jpg', 'https://materiuum.ch/wp-content/uploads/2023/01/2212-5453-b-600x800.jpg', 'https://materiuum.ch/wp-content/uploads/2023/01/2212-5453-c-600x800.jpg']"", ""['https://materiuum.ch/wp-content/uploads/2022/10/2103-1477-b-82.jpg', 'https://materiuum.ch/wp-content/uploads/2022/10/2103-1477-a-82.jpg', 'https://materiuum.ch/wp-content/uploads/2022/10/2103-1477-b-83.jpg']"", '_dsc9873_570x570.jpg', '112549_570x570.jpg', '20180811_113301_570x570.jpg', nan]",55.0,31.0,86.0
113,Kitchen worktops,Pr_40_30_30_46,78.0,6,Pr_40_30,Pr_40_30,Fittings,"['img_0060_570x570.jpg', nan, nan, nan, 'kche_20180709_143552__64a4262_2_570x570.jpg', 'kche1_%282%29_570x570.jpg', 'kche_hilterfingen_bild_570x570.png', '3059-2_570x570.jpg', 'kche_hilterfingen_bild_570x570.png', 'kche1_%287%29_570x570.jpg']",21.0,69.0,90.0
209,wall,IfcWall,111.2,10,IfcWall,,,"['2716_1_%281%29_570x570.jpg', '15.07.2011-033_570x570.jpg', '20180515_110648_570x570.jpg', '2757_2_570x570.jpg', '20200926_114437_570x570.jpg', '12.09.2012-023_570x570.jpg', '20161216_101005_570x570.jpg', '20180731_162410_570x570.jpg', '2843-2_570x570.jpg', '2936-2_570x570.jpg', '2937-2_570x570.jpg', ""['https://materiuum.ch/wp-content/uploads/2023/04/2302-5646-a-600x450.jpg', 'https://materiuum.ch/wp-content/uploads/2023/04/2302-5646-b-600x800.jpg', 'https://materiuum.ch/wp-content/uploads/2023/04/2302-5646-c-600x800.jpg']""]",46.0,44.0,90.0
118,Glassware,Pr_40_70_23_36,168.28571428571428,21,Pr_40_70,Pr_40_70,Equipment,"[nan, nan, '20220524_084209_570x570.jpg', '20220605_124322_570x570.jpg', nan, 'img_3042_570x570.jpg', 'sam_8879_570x570.jpg', 'sam_5345_570x570.jpg', '2633_570x570.jpg', '2567_570x570.jpg', '2632_1_570x570.jpg', '2598_570x570.jpg', '_dsc8911_570x570.jpg', nan, '45b2be81-c991-484f-ac70-5bfb2102881b_570x570.jpg', '20171005_114747_570x570.jpg', '2734_570x570.jpg', '1_%28335%29_570x570.jpg', '2833_1_570x570.jpg', nan, '112051_570x570.jpg', '20230621_145944_570x570.jpg', '112051_570x570.jpg', '109758_%281%29_570x570.jpg', '113214_1_570x570.jpg', '113737_570x570.jpg', '113213_570x570.jpg', '113208_570x570.jpg', '112938_570x570.jpg', '113150_570x570.jpg', '113162_570x570.jpg', '3103-4_570x570.jpg']",73.0,18.0,91.0
210,Washers,Pr_20_29_60_96,127.33333333333333,12,Pr_20_29,Pr_20_29,Fastener products,"['111404_%281%29_570x570.jpg', '_dsc7959_570x570.jpg', '1_%2894%29_570x570.jpg', '1_%2887%29_570x570.jpg', nan, '20210722_154230_570x570.jpg', '20200424_172805_570x570.jpg', '20190604_110409_570x570.jpg', '110998_570x570.jpg', '110854_570x570.jpg', '110856_570x570.jpg', '20221130_105736_570x570.jpg', 'img_5050_570x570.jpg']",57.0,35.0,92.0
122,Wood doorsets,Pr_30_59_24_97,114.0,10,Pr_30_59,Pr_30_59,Openings and opening component products,"['20190328_165758_570x570.jpg', nan, '1_%28112%29_570x570.jpg', '108509_570x570.jpg', '111295_570x570.jpg', '111655_570x570.jpg', 'threema-20221229-170828378_570x570.jpg', '112047_570x570.jpg', '2813_2_570x570.jpg', ""['https://materiuum.ch/wp-content/uploads/2023/04/2302-5823-a-600x450.jpg', 'https://materiuum.ch/wp-content/uploads/2023/04/2302-5823-b-600x800.jpg', 'https://materiuum.ch/wp-content/uploads/2023/04/2302-5823-c-600x800.jpg']"", '2997-4_570x570.jpg', 'img_20230611_192524_570x570.jpg', 'img_20230611_192524_570x570.jpg', '20230601_215759_570x570.jpg']",48.0,44.0,92.0
148,Steel spiles,Pr_20_85_34_84,108.875,8,Pr_20_85,Pr_20_85,Support and restraint products,"['20211201_095758_570x570.jpg', '114.jpha_570x570.jpg', '111565_570x570.jpg', '111566_570x570.jpg', '2477_1_570x570.jpg', '1_%28377%29_570x570.jpg', '20230419_114924_570x570.jpg', 'bd95a3f0-c2dc-49fc-a2ab-aa538b01b4dc_570x570.jpg', 'bd95a3f0-c2dc-49fc-a2ab-aa538b01b4dc_570x570.jpg']",41.0,54.0,95.0
96,spool,IfcPipeSegment.SPOOL,172.1875,16,IfcPipeSegment.SPOOL,,,"[nan, nan, '1_%28157%29_570x570.jpg', '1_%28159%29_570x570.jpg', '1_%28160%29_570x570.jpg', '1_%28161%29_570x570.jpg', '1_%2856%29_570x570.jpg', '1_%28158%29_570x570.jpg', '20131030_110346a_570x570.jpg', '1_%28173%29_570x570.jpg', '1_%28156%29_570x570.jpg', '1_%28178%29_570x570.jpg', '111969_2_570x570.jpg', '112078_570x570.jpg', '112557_570x570.jpg', '112120_570x570.jpg']",75.0,24.0,99.0
214,Bathroom cabinets,Pr_40_30_87_03,95.16666666666667,6,Pr_40_30,Pr_40_30,Fittings,"['20180823_103604_570x570.jpg', '10.02.2015-024_570x570.jpg', nan, ""['https://materiuum.ch/wp-content/uploads/2022/11/2209-4939-a-600x800.jpg', 'https://materiuum.ch/wp-content/uploads/2022/11/2209-4939-b-600x800.jpg', 'https://materiuum.ch/wp-content/uploads/2022/11/2209-4939-c-600x800.jpg']"", ""['https://materiuum.ch/wp-content/uploads/2022/10/2002-706-b-82.jpg', 'https://materiuum.ch/wp-content/uploads/2022/10/2002-706-a-82.jpg', 'https://materiuum.ch/wp-content/uploads/2022/10/2002-706-b-83.jpg']"", '3009-2_570x570.jpg', '3009-2_570x570.jpg']",31.0,69.0,100.0
195,Duvets,Pr_40_50_81_25,112.0,7,Pr_40_50,Pr_40_50,Furnishings,"['1_%28130%29_570x570.jpg', '1_%2853%29_570x570.jpg', '20180518_113747_570x570.jpg', '106741_1_570x570.jpg', 'lol_570x570.jpg', 'g_570x570.jpg', '112257_570x570.jpg', 'pxl_20230626_050953683_570x570.jpg', 'img_3717_%281%29_570x570.jpg', 'img_3717_570x570.jpg']",47.0,58.0,105.0
14,heat  exchanger,IfcHeatExchanger,126.125,8,IfcHeatExchanger,,,"['20180413_130556_570x570.jpg', '109041_1_570x570.jpg', '111547_570x570.jpg', '110367_570x570.jpg', '111653_570x570.jpg', '112508_2_570x570.jpg', '112030_570x570.jpg', 'img_1026_570x570.jpg', 'img_1026_570x570.jpg', '112921_570x570.jpg', '112920_570x570.jpg', '112054_570x570.jpg']",56.0,54.0,110.0
22,Equipment heaters,Pr_70_60_36_29,133.33333333333334,9,Pr_70_60,Pr_70_60,Space heating and cooling products,"['3f3d40fe-20ed-4177-ad37-f4738755cd44_570x570.jpeg', '20200128_161454_570x570.jpg', nan, '20200429_142557_570x570.jpg', '20210125_144456_570x570.jpg', '20210224_142128_570x570.jpg', '_dsc9629_570x570.jpg', 'img-20221219-wa0009-kopie_570x570.jpg', 'img_1186kopie_570x570.jpg']",62.0,49.0,111.0
222,Soffit grilles,Pr_30_59_94_78,128.375,8,Pr_30_59,Pr_30_59,Openings and opening component products,"['20200904_103844_570x570.jpg', '20210409_162014_570x570.jpg', nan, nan, '_dsc8996_570x570.jpg', '112231_570x570.jpg', ""['https://materiuum.ch/wp-content/uploads/2023/01/2301-5563-a-600x800.jpg', 'https://materiuum.ch/wp-content/uploads/2023/01/2301-5563-b-600x800.jpg', 'https://materiuum.ch/wp-content/uploads/2023/01/2301-5563-c-600x450.jpg']"", '_dsc0341_570x570.jpg']",58.0,54.0,112.0
48,Steam traps and strainers,Pr_65_55_86,121.0,7,Pr_65_55,Pr_65_55,Liquid and gas distribution products,"['1_%2851%29_570x570.jpg', '1_%28198%29_570x570.jpg', 'sam_9054_570x570.jpg', 'sam_8604_570x570.jpg', '_dsc9486_570x570.jpg', '_dsc9996_570x570.jpg', '_dsc0397_570x570.jpg']",54.0,58.0,112.0
166,Countertop washbasins,Pr_40_20_96_18,160.5,10,Pr_40_20,Pr_40_20,Sanitary fittings and accessories,"['20210618_161607_570x570.jpg', '20200304_084213_570x570.jpg', '03.05.10-018_570x570.jpg', 'img_6654_570x570.jpg', '20211117_142839_570x570.jpg', '45381_1_570x570.jpg', '91707_1_570x570.jpg', '109264_1_570x570.jpg', '109562_1_570x570.jpg', '110417_1_570x570.jpg', 'img_2316_%282%29_570x570.jpg', '20230823_162817_570x570.jpg']",70.0,44.0,114.0
35,urinal,IfcSanitaryTerminal.URINAL,187.63636363636363,11,IfcSanitaryTerminal.URINAL,,,"[nan, '20211211_115354_570x570.jpg', '1_%28119%29_570x570.jpg', '20170223_103314a_570x570.jpg', '123_%283%29_570x570.jpg', 'urinal1_570x570.png', '2443_1_570x570.jpg', '107937_1_570x570.jpg', '107558_1_570x570.jpg', '105890_1_570x570.jpg', '20171222_132408_570x570.jpg', '106949_1_570x570.jpg']",77.0,39.0,116.0
253,light  fixture,IfcLightFixture,130.42857142857142,7,IfcLightFixture,,,"['112247_570x570.jpg', 'gf_570x570.jpg', '110155_1_570x570.jpg', '112346_570x570.jpg', '112345_570x570.jpg', 'empfangstheke_v_570x570.jpg', '20221020_101823-kopie_570x570.jpg', '20230607_105637_570x570.jpg']",60.0,58.0,118.0
23,thermal,IfcProtectiveDeviceTrippingUnit.THERMAL,117.83333333333333,6,IfcProtectiveDeviceTrippingUnit.THERMAL,,,"['377068ab-cfea-46d5-87c3-a59808ecf646_570x570.jpeg', '2545_1_570x570.jpg', '2785_2_570x570.jpg', '110662_570x570.jpg', '110663_570x570.jpg', '111691_2_570x570.jpg']",51.0,69.0,120.0
143,Shower doors,Pr_40_20_06_80,167.875,8,Pr_40_20,Pr_40_20,Sanitary fittings and accessories,"['img_3443_570x570.jpg', '20200311_083430_570x570.jpg', '20211201_101437-kopie_570x570.jpg', '09.06.2015-009_%281%29_570x570.jpg', '20220223_153449_570x570.jpg', '111370_570x570.jpg', 'img_7716_570x570.jpg', '20230220_145658_570x570.jpg']",72.0,54.0,126.0
203,Baths,Pr_40_20_06_08,155.0,7,Pr_40_20,Pr_40_20,Sanitary fittings and accessories,"['dsc01151_570x570.jpg', 'img_3130_570x570.jpg', 'bad11_570x570.jpg', '2330_570x570.jpg', '2003_1_570x570.jpg', '2004_570x570.jpg', 'badewanne6_570x570.jpg', '112985_570x570.jpg', '112968_570x570.jpg', '113118_570x570.jpg']",69.0,58.0,127.0
171,Concrete bollards,Pr_20_76_08_19,128.83333333333334,6,Pr_20_76,Pr_20_76,Sectional products,"[nan, '1_%28265%29_570x570.jpg', 'b1dd5b7e-180f-4264-9c0f-5ed982e58228_%282%29_570x570.jpg', '112015_570x570.jpg', '112015_%281%29_570x570.jpg', '_dsc0626_570x570.jpg', '20230621_140011-kopie_570x570.jpg', '112784_570x570.png']",59.0,69.0,128.0
201,Mirrors,Pr_40_30_53,131.0,6,Pr_40_30,Pr_40_30,Fittings,"['20191011_113235_570x570.jpg', '1816_570x570.jpg', '08.09.2011-008_570x570.jpg', '2971-2_570x570.jpg', '2972-2_570x570.jpg', '2976-2_570x570.jpg']",61.0,69.0,130.0
74,Under-mounted washbasins,Pr_40_20_96_92,139.5,6,Pr_40_20,Pr_40_20,Sanitary fittings and accessories,"[nan, '20211027_143638-kopie_570x570.jpg', '1_%2895%29_570x570.jpg', '20190715_162554_570x570.jpg', '11.10.2016-004a_570x570.jpg', '20230324_135610_570x570.jpg', '111264_570x570.jpg', '112401_570x570.jpg']",65.0,69.0,134.0
45,tuner,IfcAudioVisualAppliance.TUNER,171.0,6,IfcAudioVisualAppliance.TUNER,,,"['2718_1_570x570.jpg', '2719_1_570x570.jpg', 'sam_8020_570x570.jpg', 'g_%281%29_570x570.jpg', '109330_570x570.jpg', '111937_570x570.jpg']",74.0,69.0,143.0
26,Heat pumps,Pr_70_60_37,174.16666666666666,6,Pr_70_60,Pr_70_60,Space heating and cooling products,"['heizung_570x570.jpg', nan, '20190109_090358_570x570.jpg', '1123931_%281%29_570x570.jpg', '112392_570x570.jpg', 'bn152_110530_lwwp1_570x570.jpg']",76.0,69.0,145.0
